"4","第一幼稚園","九龍彩虹彩虹邨金漢樓地下","http://a-onekg.edu.hk"
"5","香港仔浸信會白光幼稚園","香港香港仔水塘道11號","http://www.pkkg.edu.hk"
"6","翰林幼稚園（天水圍）","新界天水圍天頌苑服務設施大樓地下","http://www.academy.edu.hk"
"7","香港基督教播道會聯會中國基督教播道會寶雅幼兒學校","新界大埔寶雅苑興和閣地下117-124室","http://www.pnns.edu.hk"
"8","香港基督教播道會聯會中國基督教播道會天恩幼兒學校","新界天水圍天恩邨天恩商場1樓122號","http://www.tyns.edu.hk"
"9","香港基督教播道會聯會中國基督教播道會厚恩堂厚恩幼兒學校","新界將軍澳厚德邨德裕樓地下","http://www.agns.edu.hk"
"10","香港基督教播道會聯會中國基督教播道會茵怡幼兒學校","新界將軍澳貿泰路8號茵怡花園第1座平台","http://www.vns.edu.hk"
"11","雅麗斯英文幼稚園","新界屯門屯門市地段338號第16區翠寧花園","http://www.agneskg.edu.hk/"
"12","雅麗斯俊宏軒幼稚園","新界元朗天水圍俊宏軒","http://www.agneskg.edu.hk"
"13","藍如溪盛成皿教育基金邊陳之娟幼稚園","新界沙田豐盛苑富盛閣B翼地下","http://www.alvseducationfund.org.hk"
"14","藍如溪盛成皿教育基金邊耀良幼稚園","新界荃灣沙咀道328號寶石大廈3座地下","http://www.alvseducationfund.org.hk"
"15","ALISON'S LETTERLAND INTERNATIONAL KINDERGARTEN","香港銅鑼灣加寧街10號海威大廈2字樓C座","http://www.letter-land.com"
"16","宣道幼稚園","九龍蘭開夏道2號1至2樓","http://www.ktak.edu.hk"
"17","荃威幼稚園","新界荃灣安育路荃威花園第2期地下10號舖","http://www.allwaykindergarten.edu.hk"
"18","美國國際學校","九龍九龍塘窩打老道117,119,121,123,125及129號","--"
"19","淘大花園聖德肋撒幼稚園","九龍觀塘牛頭角彩霞道１號淘大花園","http://www.stteresakg.edu.hk"
"20","主蔭幼稚園","新界葵涌石蔭邨石蔭商場平台B及C單位","http://www.anani.edu.hk"
"21","安基司國際幼兒園","新界大埔翠樂街８號富萊花園Ｇ０７Ｂ舖部份地下及２樓","http://www.anchors.edu.hk"
"22","安基司國際幼兒園","新界大埔紅林路1號滌濤山幼稚園校舍","http://www.anchors.edu.hk"
"23","安基司幼稚園","新界大埔翠樂街8號富萊花園G07B舖地下至2樓","http://www.anchors.edu.hk"
"24","安菲爾國際幼稚園","九龍紅磡海逸徑8號海逸豪園一期L2幼稚園","http://www.anfield.com.hk"
"25","安菲爾國際幼稚園","九龍九龍塘金巴倫道5號A座地下及B座地下至1樓","http://www.anfield.edu.hk"
"27","天主教領報幼稚園","新界荃灣柴灣角安賢街11號","http://www.ack.edu.hk"
"28","神召會麥嘉倫紀念幼稚園","新界葵涌梨木樹邨第3期榮樹樓地下","http://www.mcleodkg.edu.hk"
"30","循道衛理聯合教會亞斯理幼稚園","新界荃灣大窩口上角街1號","http://www.asburymkg.edu.hk"
"31","基督教神召會合一堂幼稚園","新界沙田愉翠苑2期停車場及服務設施大樓1樓","http://www.aoguck.edu.hk"
"32","香港澳洲國際學校","九龍九龍塘羅福道3A號","--"
"33","浸信會愛羣社會服務處培殷幼兒學校","九龍長沙灣幸福街1號地下","http://pypps.bokss.org.hk"
"34","BAMBINO ENGLISH PLAYSCHOOL","香港銅鑼灣高士威道16-22號高威樓A,B,F,G及H室4樓","--"
"35","香港浸信會聯會香港西北扶輪社幼稚園","新界將軍澳景林邨景楠樓地下","http://www.bcrotaryclubkg.edu.hk"
"36","浸信會華恩幼稚園","新界元朗天水圍天華邨服務設施大樓3樓2號幼稚園","http://www.bcsgkg.edu.hk"
"37","香港浸信會聯會利安幼兒園","新界沙田馬鞍山利安邨利興樓地下G1","http://www.hkbcleeon.edu.hk"
"38","浸信會培理學校","香港西灣河西灣河街175號","http://www.puili.edu.hk"
"39","慈光幼稚園","新界沙田瀝源邨壽全樓地下7座","http://www.belight.edu.hk"
"40","伯特利幼稚園","九龍九龍城嘉林邊道４５－４７號恩光樓地下","http://www.bethel.org.hk"
"41","比華利中英文幼稚園","新界西貢將軍澳康盛花園第5座地下及地下下層","http://www.beverly.edu.hk"
"42","香港小童群益會樂緻幼稚園（九龍灣）","九龍九龍灣宏開道8號其士商業中心11-13號地下","http://nursery.bgca.org.hk"
"43","香港小童群益會樂緻幼稚園（將軍澳）","九龍將軍澳唐明苑唐煌閣地下","http://nursery.bgca.org.hk"
"44","香港小童群益會樂緻幼稚園（黃大仙）","九龍黃大仙上邨達善樓地下","http://nursery.bgca.org.hk"
"45","香港小童群益會樂緻幼稚園（灣仔）","香港灣仔駱克道3號2樓及4樓","http://nursery.bgca.org.hk"
"46","比諾中英文幼稚園","新界上水石湖墟龍琛路２６－２８號地下至二樓","http://www.bilok-holford.edu.hk"
"47","比諾中英文幼稚園","新界上水鳳南路9號翠麗花園第4至5座地下","http://www.bilok-holford.edu.hk"
"48","比諾幼稚園（第一分校）","新界將軍澳唐德街１號將軍澳廣場１樓","http://www.bilok-holford.edu.hk"
"49","比諾幼稚園（將軍澳分校）","新界將軍澳唐德街１號將軍澳廣場商場地下及２樓","http://www.bilok-holford.edu.hk"
"50","基督恩臨幼稚園（麗城）","新界荃灣青山公路625號麗城花園第3期第1座平台","http://www.blessingkg.edu.hk"
"51","寶寶幼兒學校","香港太古城太古灣道星輝台平台P1012-P1016","http://www.bobonursery.com.hk"
"52","寶兒中英文幼稚園","新界大埔安泰路1號大埔廣場76號2樓","http://www.bowie.edu.hk"
"53","博士山（香港）國際幼稚園","新界馬鞍山恆明街2號聽濤雅苑1期第10座地下樓","http://www.boxhill.edu.hk"
"54","寶山幼兒園","香港渣甸山春暉道9號春暉中心1樓",""
"55","道慈佛社楊譚婉芳幼稚園","香港小西灣佳翠苑顯翠閣地下","http://www.tcfsytyf.edu.hk/"
"56","佛教張梅桂幼稚園","新界大嶼山大澳龍田邨第2期幼稚園座地下KG01室","http://www.hkedcity.net/ihouse/bcm-web"
"57","佛教慈光幼稚園","新界天水圍天悅邨服務設施大樓3樓1號幼稚園","http://www.bckkg.edu.hk"
"58","佛教慈慧幼兒園","九龍觀塘雲漢邨漢松樓3號地下","http://www.hkbuddhist.org/bcwdn"
"59","佛教真如幼稚園（東涌）","新界東涌逸東商場2樓5號幼稚園校舍","http://www.bcykgtc.edu.hk/"
"60","佛教傅康幼稚園","九龍黃大仙黃大仙下邨龍逸樓地下","http://www.bfhkwts.edu.hk"
"61","佛教金麗幼稚園","九龍藍田康雅苑九及十座地下","http://www.buddhist-kam-lai-kg.edu.hk"
"62","佛教沈東福幼稚園","新界上水彩園邨彩湖樓地下","http://www.sumtungfookkg.edu.hk"
"63","佛教曾果成中英文幼稚園","九龍深水埗麗閣邨麗萱樓3樓平台","http://www.tsangkorsing.edu.hk"
"64","小蜜蜂幼稚園","九龍清水灣香港科技大學18座地下","http://ihome.ust.hk/~busybees/"
"65","基督教宣道會頌安幼稚園","新界沙田馬鞍山錦豐苑錦萱閣地下","http://www.joyfulk.edu.hk"
"66","基督教宣道會富山幼兒學校","九龍蒲崗村道富山邨富信樓地庫1層1-6號","http://fushan.cmasshk.org"
"67","基督教宣道會利東幼兒學校","香港鴨脷洲利東邨東興樓102-112室地下","http://www.cmasshk.org/"
"68","基督教宣道會寶湖幼兒學校","新界大埔寶湖道3號寶湖花園地下106號鋪","http://www.plovercove.cmasshk.edu.hk"
"69","基督教宣道會沙田幼兒學校","新界沙田沙角邨金鶯樓1-13號地下","http://www.shatin.cmasshk.edu.hk"
"70","基督教宣道會海怡幼兒學校","香港鴨脷洲怡南路海怡半島第4期29座高層地面","http://southhorizons.cmasshk.org"
"71","基督教宣道會天頌幼兒學校","新界天水圍天頌苑服務設施大樓1字樓","http://www.tinchung.cmasshk.edu.hk/"
"72","基督教宣道會香港區聯會將軍澳宣道幼稚園","新界將軍澳裕明苑裕榮閣地下","http://www.cmatkokg.edu.hk"
"73","基督教宣道會錦綉幼稚園","新界元朗錦繡花園市中心D及E座1樓","http://www.cmafvpkg.edu.hk"
"74","宣道會上書房中英文幼稚園","香港杏花邨盛泰路100號","http://www.scholarskg.edu.hk"
"75","宣道會秀茂坪陳李詠貞幼稚園","九龍觀塘秀茂坪曉麗苑曉天閣A座地下","http://www.caclwtkg.edu.hk"
"76","加拿大國際學校","香港香港仔南朗山道36號及加拿大國際學校第2期","http://www.cdnis.edu.hk"
"77","迦南中英文幼稚園（沙頭角）","新界沙頭角沙頭角邨","http://www.cannan.edu.hk"
"79","迦南幼稚園（富榮花園）","九龍旺角海庭道8號富榮花園12座幼稚園地下至1樓","http://www.cannan.edu.hk"
"80","迦南幼稚園﹝香港﹞","香港香港仔南寧街13-23號香港仔中心1樓7B舖","http://www.cannan.edu.hk"
"81","迦南幼稚園（九龍塘）","九龍九龍塘金巴倫道9及11號地下及1樓","http://www.cannan.edu.hk"
"82","迦南幼稚園（麗港城）","九龍觀塘茶果嶺道麗港城第2期地下低層1樓","http://www.cannan.edu.hk"
"83","迦南幼稚園（海濱花園）","新界荃灣怡康街2-12號海濱花園平台B","http://www.cannan.edu.hk"
"84","迦南幼稚園（小西灣）","香港小西灣道18號富景花園地下及1樓","http://www.cannan.edu.hk"
"85","迦南幼稚園﹝荃灣﹞","新界荃灣海盛路28號祈德尊新邨商場一樓4號舖","http://www.cannan.edu.hk"
"86","迦南幼稚園（窩打老道）","九龍九龍塘窩打老道111號","http://www.cannan.edu.hk"
"87","迦南幼稚園（黃埔花園）","九龍紅磡黃埔花園第10期部分商場平台地下","http://www.cannan.edu.hk"
"88","嘉寶中英文幼稚園（粉嶺）","新界粉嶺聯和墟榮福中心商場2樓","http://www.carbo.edu.hk"
"89","明愛啟幼幼兒學校","九龍東頭邨富東樓地下1-8號","http://kyns.caritas.org.hk"
"90","明愛凌月仙幼稚園","香港薄扶林道54號地下至2樓","http://lyskg.caritas.org.hk"
"91","明愛香港太平洋獅子會幼兒學校","香港柴灣小西灣道9號富欣花園停車場地下","http://lcns.caritas.org.hk/"
"92","明愛堅尼地城幼兒學校","香港堅尼地城蒲菲路27號堅尼地城明愛服務中心A座2樓,B座1樓部份M1座2樓","http://ktns.caritas.org.hk"
"93","明愛鯉魚門幼兒學校","九龍觀塘鯉魚門邨鯉生樓地下B及C翼","http://lymns.caritas.org.hk"
"94","明愛沙田幼兒學校","新界沙田文禮路23-25號","http://stns.caritas.org.hk"
"95","明愛打鼓嶺幼兒學校","新界粉嶺打鼓嶺坪輋路明愛打鼓嶺中心地下","http://tklns.caritas.org.hk"
"96","明愛翠林幼兒學校","新界將軍澳翠林邨碧林樓306-313號","http://tlns.caritas.org.hk"
"97","明愛油塘幼兒學校","九龍油塘鯉魚門道60號第2層平台","http://ytns.caritas.org.hk/"
"98","明愛聖方濟各幼稚園","香港中環堅道2號明愛中心B座4樓","http://sfkg.caritas.org.hk"
"99","明愛香港崇德社幼兒學校","新界粉嶺華明邨富明樓地下","http://zcns.caritas.org.hk"
"100","CARMEL SCHOOL","香港半山羅便臣道70號3-4樓","http://www.carmel.edu.hk"
"101","CASA DEI BAMBINI KINDERGARTEN","香港皇后大道西419K號博仕臺地下2號舖及地下1層3號舖","--"
"102","世德幼稚園","新界元朗天水圍天華邨服務設施大樓3樓1號幼稚園","http://www.castar.edu.hk"
"103","世德幼稚園（梨木樹）","新界葵涌梨木樹邨翠樹樓地下","http://www.castar.edu.hk"
"104","嘉德麗中英文幼稚園","新界沙田第一城34,35及36座地下","http://www.catiline.edu.hk"
"105","嘉德麗幼稚園","新界沙田沙田第一城32座地下","http://www.catiline.edu.hk"
"106","嘉德麗幼稚園（粉嶺）","新界粉嶺粉嶺中心第1期商場地下","http://www.catiline.edu.hk"
"107","嘉德麗幼稚園（黃埔）","九龍黃埔花園第3期翠楊苑平台1樓","http://www.catiline.edu.hk"
"108","銅鑼灣維多利亞國際幼稚園","香港銅鑼灣興發街32-36號3樓及天台","http://www.victoria.edu.hk"
"109","銅鑼灣維多利亞幼稚園","香港銅鑼灣興發街32-36號G-2樓","http://www.victoria.edu.hk"
"110","銅鑼灣維多利亞幼兒園","香港北角福蔭道1,3及5海峰園高峰閣第1座1樓","http://www.victoria.edu.hk"
"111","中華基督教會柴灣堂幼兒園","香港柴灣新翠花園政府合署2樓","http://www.ccccwcdn.edu.hk"
"112","中華基督教會長洲堂錦江幼稚園","新界長洲學校路14號","http://www.kamkongkg.edu.hk"
"113","中華基督教會全完幼稚園","新界葵涌葵涌邨葵涌商場3樓平台4號單位","http://cyk.ccc.edu.hk"
"114","中華基督教會香港志道堂基博幼稚園（將軍澳）","新界將軍澳廣明苑廣盈閣地下","http://www.keipok.edu.hk"
"115","中華基督教會福幼幼稚園","新界荃灣石圍角邨石翠樓14-17號地下","http://fykdc.ccc.edu.hk"
"116","中華基督教會福幼第二幼稚園","新界荃灣石圍角邨石蓮樓地下3-16,18及20號","http://fyn2kdc.ccc.edu.hk"
"117","中華基督教會基真幼稚園","九龍深水埗麗閣邨麗蘿樓114-127號","http://kck.ccc.edu.hk"
"118","中華基督教會基法幼稚園","九龍觀塘月華街34號地下下層3至5樓","http://kfk.ccc.edu.hk"
"119","中華基督教會基華幼稚園","九龍觀塘啟業邨啟寧樓地下G1-G14室","http://kwk.ccc.edu.hk"
"120","中華基督教會望覺堂賢貞幼稚園","九龍旺角弼街56號望覺基督教大樓地下及1樓","http://mkcjk.ccc.edu.hk"
"121","中華基督教會沙田堂博康幼稚園","新界沙田博康邨博文樓地下14號,20-31號","http://www.stcphk.edu.hk"
"122","中華基督教會屯門堂幼稚園","新界屯門井財街29號地下","http://tmckns.ccc.edu.hk"
"123","幼聯主辦安泰幼兒學校","新界天水圍天盛苑天盛商場附翼地下","http://www.ceces-aetna.edu.hk"
"124","基督教家庭服務中心趣樂幼稚園","九龍觀塘翠屏道3號3樓","http://www.cheerland.edu.hk/"
"125","路德會陳恩美幼兒園","香港長洲大菜園路150號A地下樓","http://www.chanenmeilutheran.org"
"126","路德會陳蒙恩幼稚園","九龍觀塘秀茂坪曉麗苑曉安閣(E座)地下","http://www.cmyl.edu.hk/"
"127","智樂幼稚園","九龍深水埗南昌街72號兆昌大廈1樓A,B及C舖","--"
"128","卓基英文學校暨幼稚園","香港堅尼地城西環邨東苑台地下及閣樓KG01號舖","http://www.cherish.edu.hk"
"129","長洲聖心幼稚園","新界長洲東灣","http://www.ccshkg.edu.hk"
"130","路德會長青幼兒園","新界青衣長青邨青葵樓3樓309至314","http://cheungching-nursery.hklss.hk"
"131","長沙灣街坊福利會林譚燕華幼稚園","九龍長沙灣麗閣邨麗葵樓3樓310-316室","http://www.lamtyw.edu.hk"
"132","神召會華人同工聯會彩蒲幼稚園","新界上水彩蒲苑停車場大廈地下","http://www.choipokg.edu.hk"
"133","神召會華人同工聯會景盛幼稚園","新界粉嶺景盛苑歡景閣地下","http://www.kingshingkg.edu.hk"
"135","漢基國際學校","香港東區寶馬山道校園徑1號","--"
"136","中華基督教青年會上水幼稚園","新界上水清河邨清潤樓地下B翼","http://www.ymca.org.hk"
"137","中華基督教青年會幼稚園","新界天水圍天悅邨服務設施大樓2樓","http://www.ymca.org.hk"
"138","中華基督教青年會葵涌幼稚園","新界葵涌邨葵涌商場3樓平台3號","http://www.ymca.org.hk"
"139","青松興東幼稚園","香港筲箕灣興東邨興祖樓地下","http://www.cckght.edu.hk"
"140","青松湖景幼稚園","新界屯門湖景邨低層地下湖光樓(第2座)","http://www.ccwkk.edu.hk"
"141","肖霞幼稚園","九龍慈雲山慈愛苑第3期屋苑辦事處大樓地下","http://www.stteresakg.edu.hk"
"142","潮陽幼稚園","香港上環德輔道西38號2字樓A室","http://www.cyk.edu.hk"
"143","天主教彩霞邨潔心幼稚園","九龍觀塘牛頭角彩霞邨停車場平台4號","http://www.sihm.org.hk"
"144","卓思英文學校暨幼稚園（青怡分校）","新界青衣青怡花園第1座地下及1樓","http://www.choicekinder.net"
"145","基督徒信望愛堂華明幼稚園","新界粉嶺華明邨第2期第7座","http://www.fhlwmkg.edu.hk"
"146","基督徒信望愛堂逸東幼稚園","新界東涌逸東商場3字樓6號幼稚園校舍","http://www.yatungkg.edu.hk"
"147","基督教宣道會太和幼稚園","新界大埔太和邨新和樓地下","http://www.cmtwkg.edu.hk"
"148","基督堂幼稚園","九龍九龍塘志士達道5號3-5樓","http://www.cckg.edu.hk"
"149","基督教宣道會大澳幼稚園","新界大嶼山大澳永安街81、83A及83B號","http://www.cmataiokg.org"
"150","基督教安得兒幼稚園","新界荃灣麗城花園第1期1座閣樓","http://www.christianadrianne.edu.hk"
"151","宣道會雷蔡群樂幼稚園","九龍深水埗元州邨元盛樓地下","http://www.calcklkg.edu.hk"
"152","宣道會陳李詠貞紀念幼稚園","新界天水圍天耀邨耀昌樓地下A及B翼","http://www.caclwtmk.edu.hk"
"153","宣道會劉平齋紀念國際學校","九龍九龍城富寧街２號","http://www.cais.edu.hk"
"154","基督教佈道中心樂富幼稚園","九龍樂富樂富邨第5期樂謙樓地下","http://www.lokfukg.edu.hk"
"155","基督教家庭服務中心德田幼稚園","九龍藍田康雅苑停車場頂樓","http://www.taktinur.edu.hk/"
"156","基督教小天使（錦豐）幼稚園","新界沙田馬鞍山錦豐苑錦蕙閣地下","http://www.clakkf.edu.hk"
"157","基督教小天使（麗晶）幼稚園","九龍宏光道80號麗晶花園第21-22座地下C2號","http://www.clakrg.edu.hk"
"158","基督教小樹苗幼稚園","九龍牛頭角彩盈邨盈樂樓地下","http://www.littletree.edu.hk"
"159","基督教中心幼稚園","九龍九龍塘窩打老道103號地下","http://www.cyckg.edu.hk"
"160","全完堂幼稚園","新界荃灣大屋街2至4號地下","http://www.cychurch.edu.hk"
"161","基督教宣道會茵怡幼稚園","新界將軍澳貿泰路8號茵怡花園第7座平台1樓","http://www.cmvkg.edu.hk"
"162","中華傳道會基石幼稚園","九龍秀茂坪秀茂坪三邨秀康樓地下樓","http://www.cnecckg.edu.hk"
"163","啟思幼兒園（匯景）","九龍藍田茜發道匯景花園1樓","http://www.creative.edu.hk"
"164","啟思幼稚園","九龍九龍塘律倫街6號地下","http://www.creative.edu.hk"
"165","啓思幼稚園（愛琴）","新界屯門掃管笏段管青路2號愛琴海岸1樓平台","http://www.creative.edu.hk"
"166","啟思幼稚園（帝堡城）","新界沙田小瀝源路69號帝堡城L5幼稚園校舍","http://www.creative.edu.hk"
"167","啟思幼稚園﹝杏花邨﹞","香港杏花邨盛泰道100號幼稚園B","http://www.creative.edu.hk/"
"168","啓思幼稚園（馬灣）","新界馬灣珀麗道8號","http://www.creative.edu.hk"
"169","啟思幼稚園（匯景花園）","九龍藍田茜發道匯景花園","http://www.creative.edu.hk"
"170","啟思幼稚園（深灣軒）","香港鴨脷洲鴨脷洲徑3號深灣軒地下","http://www.creative.edu.hk"
"171","啟思幼稚園（青衣）","新界青衣寮肚路3號曉峰園平台","http://www.creative.edu.hk"
"172","啟思幼稚園（屯門分校）","新界屯門5A河興街大興花園2期地下","http://www.creative.edu.hk"
"175","啓思小學附屬幼稚園","九龍九龍塘牛津道２Ａ號地下及一樓","http://www.cpskg.edu.hk"
"176","躍思（栢蕙）幼稚園","香港鰂魚涌基利路栢蕙苑地下","http://www.creativity.edu.hk"
"177","躍思（大欖）幼稚園","新界屯門大欖涌胡屋村61號","http://www.creativity.edu.hk"
"178","香港中文大學校友會聯會陳震夏幼稚園","新界天水圍天恩邨天恩商場頂層1號幼稚園","http://www.cchk.edu.hk"
"179","香港中文大學校友會聯會張煊昌幼稚園","新界沙田馬鞍山錦英苑","http://www.cuhkfaatckg.edu.hk"
"180","金巴崙長老會青草地幼稚園","新界大嶼山東涌富東邨富東廣場 2 樓","http://www.gpkg.edu.hk"
"181","柴灣浸信會學前教育中心呂明才幼稚園","香港柴灣翡翠道30號1樓及4樓天台","http://www.cwbc.org.hk"
"182","柴灣浸信會學前教育中心呂明才幼稚園 (小西灣)","香港柴灣小西灣邨瑞富樓地下1-10號","http://www.cwbc.edu.hk"
"183","大衛（出埃及）幼稚園","新界大圍顯泰街瑞峰花園平台","http://www.davidexodus.edu.hk"
"184","牽晴間培元英文幼稚園","新界粉嶺一鳴路23號牽晴間購物廣場地下G22-24號","http://www.elementiedu.org"
"185","德寶中英文幼稚園(黃埔花園)","九龍紅磡黃埔花園第2期平台1樓","http://www.deborah-intl.edu.hk"
"186","德寶英文幼稚園(寶盈花園)","新界將軍澳唐俊街１１號寶盈花園幼稚園大樓","http://www.deborah-intl.edu.hk"
"187","德寶英文幼稚園（將軍澳）","新界將軍澳唐俊街１１號寶盈花園幼稚園大樓","http://www.deborah-intl.edu.hk"
"188","德寶國際幼兒學校（寶盈花園）","新界將軍澳唐俊街11號寶盈花園幼稚園大樓地下","http://www.deborah-intl.edu.hk"
"189","德寶國際幼兒學校（第七期）","九龍紅磡黃埔花園第7期地下","http://www.deborah-intl.edu.hk"
"190","德寶國際幼兒學校（將軍澳）","新界將軍澳唐明街1號富康花園幼稚園大樓地下","http://www.deborah-intl.edu.hk"
"191","德寶國際幼兒學校","九龍紅磡黃埔花園第9期5號5B號舖地下","http://www.deborah-intl.edu.hk"
"192","地利亞英文小學暨幼稚園","九龍美孚新邨百老匯街84至86號 及第8期138號舖","http://www.deliapri-kg.edu.hk"
"194","鑽石山浸信會美欣幼稚園","九龍坪石邨黃石樓地下104-105及109-116室","http://www.dhbcbbkg.edu.hk"
"195","鑽石山靈糧幼稚園","九龍鑽石山龍蟠街3號星河明居平台2樓","http://www.lingliang.org.hk"
"196","DISCOVERY BAY INTERNATIONAL SCHOOL","新界大嶼山愉景灣","http://www.dbis.edu.hk"
"197","愉景方方樂趣幼稚園","新界荃灣愉景新城商場第１層２號舖","http://www.funful.hk"
"198","弘志幼稚園","新界大嶼山愉景灣碧濤軒2-16號地下遊艇灣商場401號舖","http://www.dmk.edu.hk"
"199","弘志幼稚園〈分校〉","香港大嶼山愉景灣廣場徑8號愉景灣廣場1樓139B號商舖","http://www.discoverymind.edu.hk"
"200","弘志幼稚園（東涌）","新界東涌東涌海濱路8號海堤灣畔商場地下","http://www.discoverymind.edu.hk"
"201","明我幼稚園","香港筲箕灣海寧街3號1樓及西灣河街96號1樓及2樓A、B及D室","http://www.dominicsaviokg.org/"
"202","明我幼稚園（奧運校）","九龍旺角西海富苑海韻閣地下01-09室","http://www.dominicsaviokg.org"
"203","基督教中國佈道會恩恩創意幼稚園","九龍慈雲山慈康邨","http://www.ecfbck.edu.hk"
"204","基督教香港信義會基恩幼兒學校","香港高街2號西營盤社區綜合大樓3樓","http://www.elchk.org.hk/service"
"205","基督教香港信義會頌安幼兒學校","新界馬鞍山錦豐苑錦蘭閣A及B翼地下","http://www.elchk.org.hk/service/unit_service2.php"
"206","基督教香港信義會天恩幼兒學校","新界葵涌葵盛圍364號馮鎰社會服務大樓地下","http://www.gns.elchk.org.hk"
"207","基督教香港信義會興華幼兒學校","香港柴灣興華一邨美華樓地下樓","http://hwns.elchk.org.hk"
"208","基督教香港信義會健明幼兒學校","新界將軍澳健明邨明星樓B及C翼地下","http://kmns.elchk.org.hk"
"209","基督教香港信義會靈工幼兒學校","新界青衣青衣邨宜居樓A翼地下","http://www.elchk.org.hk/service/unit/11/"
"210","基督教香港信義會靈安幼兒學校","九龍藍田啟田道71號藍田(西區)社區中心6樓","http://www.elchk.org.hk/service/"
"211","基督教香港信義會南昌幼稚園","九龍深水埗南昌邨第1座昌頌樓地下","http://www.elchkkg.edu.hk/nam-cheong/"
"212","基督教香港信義會沙田信義幼稚園","新界沙田大圍銅鑼灣山路1號","http://www.stlkg.edu.hk"
"213","基督教香港信義會將軍澳幼稚園","新界將軍澳唐明苑唐富閣地下B及C翼","http://www.elchktkokg.edu.hk"
"214","沙田靈光幼兒學校","新界沙田廣源邨廣柏樓地下","http://www.ecsdn.edu.hk"
"215","怡寶中英文幼稚園","香港北角英皇道955-957號惠芳閣2-3樓A-B室","http://www.epochkg.edu.hk"
"216","循道衛理聯合教會愛華村堂幼稚園","香港柴灣柴灣道100號1樓","http://www.kiepw.methodist.org.hk"
"217","英基雅柏國際幼稚園","新界西貢清水灣道孟公屋村","http://kindergartens.esf.org.hk"
"218","英基國際幼稚園（青衣）","新界青衣青敬路33號地下及閣樓","http://www.esfkindergartens.org.hk/"
"220","英基國際幼稚園（烏溪沙）","新界沙田馬鞍山西沙路599號L1","http://www.wks.esf.org.hk"
"221","基督教香港信義會祥華幼稚園","新界粉嶺祥華邨祥豐樓地下101－108室及113－115室","http://www.elchkkg.edu.hk/cheungwah/movie.php"
"222","基督教香港信義會祥華幼稚園","新界粉嶺祥華邨祥裕樓地下102-107室","http://www.elchkkg.edu.hk/cheungwah/movie.php"
"223","深信堂幼稚園","九龍深水埗培德街8號3樓","http://flckg.edu.hk"
"224","基督教粉嶺神召會恩光幼稚園","新界粉嶺景盛苑賢景閣地下B及C翼","http://www.gracelight.edu.hk"
"225","粉嶺浸信會呂明才幼稚園","粉嶺沙頭角道3號","http://fbclmckg.edu.hk"
"226","飛雁幼稚園","九龍藍田康逸苑停車場頂層","http://www.fnkg.edu.hk"
"227","神召會禮拜堂天澤幼兒園","新界天水圍天澤邨澤辰樓B及C翼地下","http://tcn.faog.org.hk"
"228","神召第一小學暨幼稚園","九龍九龍城亞皆老街123號","http://kg.faog.org.hk"
"229","五邑工商總會張祝珊幼稚園","九龍鑽石山龍蟠苑商場第5層109室","http://www.ccsn.edu.hk"
"230","五邑工商總會幼稚園","九龍橫頭磡邨宏澤樓地下","http://www.fdkg.edu.hk"
"231","循理會白普理循理幼兒學校","新界馬鞍山耀安邨耀和樓2樓4-9號","http://www.cln.fmchk.org"
"232","福來邨錦全幼稚園","新界荃灣福來邨永康樓地下","http://www.kamchuenkg.com/"
"233","富亨浸信會呂郭碧鳳幼稚園","新界大埔富亨邨亨泰樓1座地下","http://www.fuhengkg.edu.hk"
"234","嘉德麗幼稚園（富山）","九龍黃大仙蒲崗村道富山邨富信樓4號地下樓","http://www.catiline.edu.hk"
"235","路德會富泰幼兒園","新界屯門富泰邨愛泰樓地下","http://www.futailutheran.org"
"236","富瑤幼稚園","新界葵涌麗瑤邨富瑤樓西南及北翼地下","http://www.fuyiukg.net76.net"
"237","方方樂趣幼稚園","九龍太子道266號地下","http://www.funful.hk"
"238","鳳溪幼稚園","新界上水馬會道21號","http://www.fkkg.fungkai.edu.hk"
"241","花園大廈浸信會幼兒學校","九龍觀塘牛頭角道297號花園大廈玉蓮台2座2樓37室","http://www.gebns.edu.hk"
"242","GARDEN HOUSE KINDERGARTEN","新界清水灣銀線灣道7號銀線灣商場地下","http://www.gardenhouse.edu.hk"
"245","GERMAN SWISS INTERNATIONAL SCHOOL","香港薄扶林道162號","http://www.gsis.edu.hk"
"246","激活幼稚園","新界天水圍天龍路9號嘉湖山莊美湖居B座","http://www.gigamind.edu.hk"
"248","康傑中英文幼稚園（鴨脷洲）","香港鴨脷洲海怡半島第1期第4座平台第1層","http://www.good-health.edu.hk"
"250","康傑中英文幼稚園（青衣）","新界青衣青敬路77號海悅花園商場2樓","http://good-health.edu.hk"
"251","康傑中英文幼稚園（馬鞍山）","新界沙田馬鞍山馬鞍台富寶花園","http://www.good-health.edu.hk"
"252","康傑幼稚園〈馬鞍山〉","新界沙田馬鞍山富寶花園馬鞍台1樓","http://www.good-health.edu.hk"
"254","好時光幼稚園(彩蒲仙)","九龍新蒲崗仁愛街18-24號1字樓A-D座","http://www.gtcps.edu.hk"
"255","好時光幼兒學校（粉嶺中心）","新界粉嶺新運路33號粉嶺中心第1期A及B座地下","http://www.goodtime.edu.hk"
"258","好時光幼兒學校（沙田廣場）","新界沙田沙田廣場C及D座平台花園","http://www.goodtime.edu.hk"
"259","懷恩浸信會幼稚園","香港北角書局街28號國賓大厦1字樓","http://www.gracebaptistkg.edu.hk"
"260","循道衛理聯合教會主恩堂幼稚園","九龍馬仔坑天宏苑停車場大廈2樓","http://www.grace.edu.hk"
"261","基督教恩苗東九龍幼稚園","九龍黃大仙上邨倡善樓地下","http://www.gracefield.edu.hk"
"262","綠茵英文（國際）幼稚園（東涌）","新界大嶼山東涌健東路1號映灣園基座幼稚園地下","http://www.greenfield.edu.hk"
"263","綠茵英文（國際）幼稚園（將軍澳）","新界將軍澳培成路8號南豐廣場幼稚園基座地下及平台1樓","http://www.greenfield.edu.hk/nf"
"264","綠茵英文幼稚園（馬鞍山）","新界沙田馬鞍山馬鞍山中心A1-A舖及2樓","http://www.greenfield.edu.hk"
"265","綠茵幼稚園（上水校）","新界上水中心5座L3平台","http://www.greenfield.edu.hk"
"266","嘉言中英文幼稚園","新界葵涌新葵芳花園平台","http://www.greenville.edu.hk"
"267","翠茵小宇宙幼稚園（新都城Ｉ）","新界將軍澳運亨路1號新都城中心1期商場地下G8-G12號舖","http://www.greenvillekids.edu.hk"
"268","翠茵小宇宙幼稚園","新界將軍澳銀澳路1號新寶城商場1樓108號舖","http://www.greenvillekids.edu.hk"
"269","佳寶幼稚園（屯門分校）","新界屯門兆安苑定賢閣地下","http://www.guideposts.edu.hk"
"270","佳寶幼稚園第二分校（建生邨）","新界屯門建生邨裕生樓A及B翼地下","http://www.guideposts.edu.hk"
"271","佳寶幼稚園第三分校（天瑞邨）","新界元朗天水圍天瑞邨第4期瑞林樓第11座地下","http://www.guideposts.edu.hk"
"272","佳寶幼稚園","九龍深水埗美孚新邨萬事達廣場5號B平台","http://www.guideposts.edu.hk"
"273","協康會康苗幼兒園","九龍旺角海富苑海欣閣地下部分及1樓","http://hkc.heephong.org"
"274","協恩中學附屬幼稚園","九龍九龍城農圃道1號","http://www.hykg.edu.hk"
"275","路德會杏花邨幼兒園","香港柴灣杏花邨盛泰道100號地下","http://hengfachuen-nursery.hklss.hk"
"276","恒安浸信會幼兒學校","新界沙田馬鞍山恒安邨恒星樓1-5室","http://www.hobns.edu.hk"
"277","香海正覺蓮社佛教林黃明慧幼稚園","新界天水圍天慈邨慈心樓B及C翼地下樓","http://www.blwmwk.edu.hk"
"278","香海正覺蓮社佛教慧光幼稚園","新界粉嶺華明邨禮明樓地下","http://www.bwkk.edu.hk"
"279","HIGHGATE HOUSE SCHOOL - THE PEAK","香港山頂道100-104號牛奶公司商場B座2字樓6號舖","http://www.highgatehouse.edu.hk"
"280","中華基督教會香港區會協和學校","九龍西洋菜街231號","http://hipwohkg.edu.hk"
"281","港九街坊婦女會丁孫慧珠幼稚園","新界沙田美林邨美楊樓101-116號地下","http://www.tshckg.edu.hk"
"282","港九街坊婦女會丁毓珠幼稚園","香港筲箕灣寶文街峻峰花園第6層平台","http://www.hkkkwatyc.edu.hk/"
"283","港九街坊婦女會環翠幼稚園","香港柴灣環翠邨喜翠樓地下","http://www.wantsuikg.edu.hk/"
"284","港九街坊婦女會孫方中幼稚園","新界沙田隆亨邨慧心樓地下","http://www.sfckglh.edu.hk"
"285","港澳信義會錫安紀念幼稚園","九龍黃大仙蒲崗村道11號鍚安樓2-3樓","http://www.hkmlc.org/sok.htm"
"286","港澳信義會翠恩幼稚園","九龍觀塘翠坪南邨翠杭樓A及B翼G樓","http://www.tsuienkg.edu.hk"
"287","香港浸會大學附屬幼稚園","九龍九龍塘浸會大學道陳瑞槐夫人胡尹桂女士持續教育大樓3樓及4樓","http://www.hkbuk.edu.hk"
"288","香港伯特利教會基甸幼稚園","九龍樂富邨第2期甲樂東樓地下","http://www.bcgideon.edu.hk"
"289","香港聖公會基愛幼兒學校","九龍深水埗麗閣邨麗菊樓地下103-116及118室","http://www.kons.edu.hk"
"290","香港聖公會青山聖彼得堂青雲路幼稚園","新界屯門青雲路22號C座1樓及地下(部份)","http://www.spckg.edu.hk/jing/jing.html"
"291","香港道教聯合會圓玄幼稚園（富善邨）","新界大埔富善邨善美樓地下","http://www.yuenyuenkg.edu.hk"
"292","香港道教聯合會圓玄幼稚園","新界荃灣石圍角邨石桃樓地下","http://www.yuenyuenkg.edu.hk"
"293","香港真光幼稚園（堅道）","香港堅道75號地下至2樓","http://www.truelightk-c.edu.hk"
"294","香港漢文師範同學會學校","九龍旺角洗衣街22號","http://www.hvnsaas.edu.hk"
"295","港九街坊婦女會孫方中幼稚園（穗禾苑）","新界沙田穗禾苑商場37號地下","http://www.sfckg.edu.hk"
"296","香港基督教服務處雋匯幼兒學校","九龍上海街557號旺角綜合大樓3樓","http://www.hkcschild.edu.hk/cns/"
"297","香港基督教服務處觀塘幼兒學校","九龍觀塘翠屏道17號觀塘社區中心5樓及天台","http://www.hkcschild.edu.hk/ktns"
"298","香港基督教服務處李鄭屋幼兒學校","九龍深水埗李鄭屋邨信義樓平台316號","http://www.hkcschild.edu.hk/lcuns/"
"299","香港基督教服務處石硤尾幼兒學校","九龍深水埗窩仔街石硤尾邨第23座1樓201-218號","http://www.hkcschild.edu.hk/skmns/"
"300","香港基督教服務處大坑東幼兒學校","九龍大坑東棠蔭街大坑東社區中心4樓及天台","http://www.hkcschild.edu.hk/thtns"
"301","香港基督教服務處時代幼兒學校","香港灣仔謝斐道391-407號新時代中心地下B舖及1樓","http://www.ecsofthk.com/hkcs/tns/"
"302","香港基督教服務處天恒幼兒學校","新界天水圍天恒邨恒貴樓地下B及C翼","http://www.hkcschild.edu.hk/thns/"
"303","香港宣教會優質幼兒學校","新界粉嶺欣盛苑商場KG01號舖","http://www.elite-kg.edu.hk"
"304","香港青年協會青樂幼稚園","香港西灣河西灣河街129號利基大廈地下","http://clswh.hkfyg.org.hk"
"305","香港青年協會青樂幼稚園（油麻地）","九龍油麻地渡船街28號寶時商業中心地下3號,8-13號及1樓1-10號","http://clymt.hkfyg.org.hk/"
"306","香港聖公會夏瑞芸幼兒學校","新界元朗天水圍天龍路4號地下","http://www.hswns.edu.hk"
"307","香港聖公會麥理浩夫人中心(石蔭)幼稚園","新界葵涌石蔭邨２期商場地下","--"
"308","香港聖公會麥理浩夫人中心幼稚園","新界葵涌和宜合道22號3樓","http://www.skhlmc.org"
"309","香港聖公會聖尼哥拉幼兒學校","新界荃灣大窩口社區中心6樓","http://www.snns.edu.hk"
"310","香港聖公會聖西門良景幼兒學校","新界屯門良景邨良智樓9-16號地下","http://www.sslk.edu.hk"
"311","香港聖公會聖西門西貢幼兒學校","新界西貢頓場村DD215地段","http://www.sssk.edu.hk"
"312","香港聖公會聖西門大興幼兒學校","新界屯門大興邨第1期商場地下","http://www.ssth.edu.hk"
"313","香港聖公會東涌幼兒學校","新界大嶼山東涌富東邨富東商場3樓301室","http://www.tcns.edu.hk"
"314","香港保護兒童會胡好幼兒學校","香港柴灣小西灣邨瑞強樓地下4至10號","http://www.hkspc.org/ah"
"315","香港保護兒童會中銀幼兒學校","九龍大角咀海輝道11號奧海城地下","http://www.hkspc.org"
"316","香港保護兒童會蝴蝶邨幼兒學校","新界屯門蝴蝶邨蝶舞樓124-130號地下","http://www.hkspc.org"
"317","香港保護兒童會長沙灣幼兒學校","九龍長沙灣發祥街55號長沙灣社區中心字5樓","http://www.hkspc.org/csw"
"318","香港保護兒童會滙豐銀行慈善基金幼兒學校","九龍油麻地眾坊街梁顯利油麻地社區中心6字樓及天台","http://www.hkspc.org"
"319","香港保護兒童會林護幼兒學校","新界大埔富亨邨富亨鄰里社區中心3樓","http://www.hkspc.org/lw"
"320","香港保護兒童會馬頭涌幼兒學校","九龍九龍城馬頭涌道107號2樓及3樓","http://www.hkspc.org"
"321","香港保護兒童會譚雅士伉儷幼兒學校","九龍觀塘茶果嶺道茜草灣鄰里社區中心3樓","http://www.hkspc.org"
"322","香港保護兒童會維景灣幼兒學校","九龍調景嶺澳景路88號維景灣畔第3期LG2","http://www.hkspc.org"
"323","香港保護兒童會聖誕老人愛心粉嶺幼兒學校","新界粉嶺華心邨華冠樓地下","http://www.hkspc.org"
"324","香港保護兒童會百佳員工慈善基金幼兒學校","九龍旺角砵蘭街387號6樓","http://www.hkspc.org"
"325","香港保護兒童會砵蘭街幼兒學校","九龍旺角砵蘭街387號4樓","http://www.hkspc.org"
"326","香港保護兒童會深井幼兒學校","新界深井青山公路33號深井灣畔碧堤半島碧堤坊5樓501室","http://www.hkspc.org"
"327","香港保護兒童會新航黃埔幼兒學校","九龍紅磡黃埔花園翠楊苑1樓","http://www.hkspc.org"
"328","香港保護兒童會施吳淑敏幼兒學校","新界將軍澳廣明苑廣新閣地下","http://www.hkspc.org"
"329","香港保護兒童會賽馬會學心幼兒學校","新界沙田隆亨邨學心樓101-108號地下","http://www.hkspc.org/jchs"
"330","香港保護兒童會譚雅士幼兒學校","香港西營盤醫院道佐治五世紀念公園","http://www.hkspc.org"
"331","香港道教聯合會圓玄幼稚園（東頭邨）","九龍東頭邨欣東樓9-14號G樓","http://www.yuenyuenkg.edu.hk"
"332","香港基督教女青年會長青幼兒學校","新界青衣長青邨長青社區中心6樓","http://nscc.ywca.org.hk"
"333","香港基督教女青年會趙靄華幼兒學校","九龍深水埗元州邨元豐樓B及C翼地下","http://nscow.ywca.org.hk"
"334","香港基督教女青年會彩雲幼兒學校","九龍彩雲邨銀河樓地下109-114號","http://www.ywca.org.hk"
"335","香港基督教女青年會信望幼兒學校","九龍黃大仙下邨龍康樓地下","http://nsfh.ywca.org.hk"
"336","香港基督教女青年會隆亨幼兒學校","新界沙田隆亨邨隆亨社區中心6樓","http://nslh.ywca.org.hk"
"337","香港基督教女青年會安定幼兒學校","新界屯門安定邨安定/友愛社區中心6樓","http://nsot.ywca.org.hk"
"338","香港基督教女青年會紹邦幼兒學校","九龍又一村海棠路66號地下","http://nssp.ywca.org.hk"
"339","香港基督教女青年會戴翰芬幼兒學校","香港中環皇后大道中99號中環中心地下","http://nsthf.ywca.org.hk"
"340","香港基督教女青年會荃灣幼兒學校","新界荃灣大河道雅麗珊社區中心5樓","http://nstw.ywca.org.hk"
"341","嗇色園主辦可正幼稚園","新界將軍澳廣明苑廣寧閣F座地下","http://www.siksikyuen.org.hk"
"342","嗇色園主辦可立幼稚園","九龍黃大仙慈雲山慈樂邨樂信樓地下B,C翼","http://www.siksikyuen.org.hk"
"343","嗇色園主辦可愛幼兒園","九龍九龍城九龍城道55號同興花園1A,1B,2A及2B舖地下","http://www.siksikyuen.org.hk"
"344","嗇色園主辦可瑞幼稚園","新界元朗天水圍天瑞邨瑞勝樓(第5座)地下","http://www.hoshuikg.edu.hk"
"345","嗇色園主辦可德幼稚園","九龍竹園北邨第5期松園樓8座G樓","http://www.siksikyuen.org.hk"
"346","嗇色園主辦可仁幼稚園","香港鴨脷洲邨利添樓地下21-40號室","http://www.siksikyuen.org.hk"
"347","嗇色園主辦可譽幼稚園","新界大嶼山東涌逸東邨２號停車場３樓","http://kg.hoyu.edu.hk"
"348","中華基督教會屯門堂何福堂幼稚園","新界屯門蝴蝶邨蝶舞樓8座G樓","http://hftk.ccc.edu.hk"
"349","海福中英文幼稚園","新界沙田大圍積運街2-8號海福花園福熹閣地下","http://www.bilok-holford.edu.hk"
"350","聖三一中心幼稚園","九龍九龍城馬頭涌道139號地下1樓及2樓","http://www.htckg.edu.hk"
"351","何文田浸信會幼稚園","九龍何文田南村第5座適文樓地下","http://www.hmtbck.edu.hk"
"352","何文田循道衛理楊震幼兒學校","九龍何文田邨靜文樓地下1室","http://www.hmtps.org"
"353","樂基幼兒學校（駿景園）","新界沙田駿景道1號駿景園地下","http://www.hkpreschool.edu.hk"
"354","香港五常法幼稚園","新界粉嶺馬適路3號綠悠軒商場2樓1-10號舖","http://www.hk5skg.edu.hk"
"355","香港學堂國際學校","新界西貢惠民路33號","http://www.hkacademy.edu.hk"
"356","香港幼稚園協會幼兒學校","九龍彩雲邨紫霄樓地下","http://www.hkkaps.edu.hk"
"357","香港靈糧堂幼稚園","香港銅鑼灣禮頓里6號","http://www.lingliang.org.hk"
"358","香港路德會觀塘幼稚園","九龍觀塘馬蹄徑2號地下至1樓","http://ktlk.edu.hk"
"359","香港民生幼稚園（北角）","香港北角渣華道52-60號胡曰皆大廈2樓","http://www.mansangkg.edu.hk"
"360","樂基幼兒學校（九龍塘）","九龍九龍塘雅息士道14號地下及1樓","http://www.hongkongpreschool.com.hk"
"361","香港創價幼稚園","九龍九龍城慕禮道4號","http://www.soka.edu.hk"
"362","香港學生輔助會寶達幼兒園","九龍秀茂坪寶達邨達欣樓地下","http://www.potat-nursery.edu.hk"
"363","香港基督教女青年會宏恩幼稚園","九龍深水埗怡靖苑閒靜閣1-8號地下","http://kga.ywca.org.hk/"
"364","康盈中英文幼稚園","九龍德田邨康盈苑地下","http://www.hongyingkid.edu.hk"
"365","合一堂陳伯宏紀念幼稚園","香港北角雲景道48號地下-2樓及3-4樓平台","http://hyckg.ccc.edu.hk"
"366","合一堂單家傳紀念幼稚園","新界沙田馬鞍山鞍誠街26號","http://hyckg.ccc.edu.hk"
"367","聖母無玷聖心幼稚園","新界沙田文禮路 31-37 號","http://www.ihmk.edu.hk"
"368","基督教國際學校－幼稚園","新界沙田馬鞍山錦豐苑錦荷閣(H座)地下","http://www.ics.edu.hk"
"369","蒙特梭利國際學校","香港赤柱馬坑邨第3期","http://www.montessori.edu.hk"
"370","伊斯蘭徐錦享紀念幼稚園","香港筲箕灣東熹苑景熹閣地下","http://www.cmcfa.com"
"371","伊斯蘭博愛幼稚園","新界青衣長安邨安清樓地下","http://www.islamicpokoikg.edu.hk"
"372","殷翠幼稚園","新界元朗大棠道崇正新村153號地下","https://sites.google.com/site/jadekindergartenmain/"
"373","雅各中英文幼稚園（深水埗校）","九龍深水埗順寧道16號樂年花園地下","http://www.jameskg.edu.hk"
"374","晶晶中英文幼稚園﹝洪水橋分校﹞","新界元朗洪水橋丹桂村路 1 號麗虹花園地下 4,5,6,10,11 及 12 號鋪","http://www.jingjing.edu.hk"
"376","晶晶幼稚園（屯門校）","新界屯門景峰徑2號景峰花園第4座地下(部份)及第5座地下","http://www.jingjing.edu.hk"
"378","晶晶幼稚園（順利分校）","九龍利安道32號順利紀律部隊宿舍2樓15A舖","http://www.jingjing.edu.hk"
"379","小時候幼稚園","新界沙田第一城第10座地下","http://jbkg.etlw.com.hk"
"380","佐敦北海幼稚園","九龍油麻地渡船街11-16號1樓及2樓B座","http://www.jphkg.net"
"381","將軍澳英皇幼稚園","新界西貢將軍澳煜明苑焜明閣地下","http://jbkingsland.com"
"382","嘉福浸信會幼兒園","新界粉嶺嘉福邨福樂樓地下","http://www.kafuk.net"
"383","天主教甘霖幼稚園","九龍黃大仙彩雲邨甘霖樓地下","http://www.kamlamkg.edu.hk"
"384","金錢村何東幼稚園","新界上水金錢村第92號地段","http://www.ktvhtkg.edu.hk"
"385","珈琳中英文幼稚園","新界元朗安寧路59號地下-3樓","http://www.karlam.edu.hk"
"386","珈琳中英文幼稚園（龍門居分校）","新界屯門龍門路43號395地段龍門居","http://www.karlam.edu.hk"
"387","珈琳幼稚園(屯門分校)","新界屯門鄉事會路１６號明偉樓１字樓","http://www.karlam.edu.hk"
"388","救恩學校","香港西營盤高街97號A及B","http://www.kauyan.edu.hk"
"389","劍鳴幼稚園","九龍九龍塘金巴倫道13號地下","http://www.keenmind.com.hk"
"390","KELLETT SCHOOL","香港華富華樂徑2號第1期第1階及第2階地下至4樓","http://www.kellettschool.com/"
"391","根德園幼稚園","九龍九龍塘根德道9號及多實街 5-7 號","http://www.kentville.edu.hk"
"392","KHALSA DIWAN KINDERGARTEN","香港皇后大道東371號G樓","http://www.khalsadiwan.com"
"393","蘇浙小學校（本地課程）","香港北角清華街30號","http://www.kcs.edu.hk"
"394","蘇浙小學校（非本地課程）","香港北角清華街30號","http://www.kcis.edu.hk"
"395","建生浸信會白普理幼兒園","新界屯門建生邨泰生樓地下","http://www.ksbc.edu.hk"
"396","路德會建生幼稚園","新界屯門建生邨康生樓A及B翼地下","http://www.lutheran-kinsang.com"
"397","路德會景林幼兒園","新界將軍澳景林邨景林鄰里社區中心3樓","http://kinglam-nursery.hklss.hk"
"398","京斯敦國際幼稚園","九龍九龍塘金巴倫道12號地下及1樓","http://www.kingston.edu.hk"
"399","九龍城浸信會禧年幼稚園","新界沙田廣源邨廣榕樓地下","http://www.haynienkg.edu.hk/"
"400","九龍城浸信會嘉福幼稚園","新界粉嶺嘉盛苑嘉耀閣地下","http://www.baptist.org.hk/kindergarten/kafuk/index.htm"
"401","九龍嘉心中英文幼稚園","九龍美孚新邨恆柏道6號AT83大樓平台","--"
"402","KOREAN INTERNATIONAL SCHOOL","香港西灣河鯉景道55號","http://www.kis.edu.hk"
"403","康怡中英文幼稚園","香港鰂魚涌康盛街16號康怡花園","http://www.kornhill-edu.com"
"404","基督教康山中英文幼稚園","香港鰂魚涌康怡廣場(北)第2期1樓","http://www.kcackg.edu.hk/"
"405","康怡維多利亞幼稚園","香港鰂魚涌康安街18號康怡花園2樓部份","http://www.victoria.edu.hk"
"406","KOWLOON BAPTIST CHURCH KINDERGARTEN","九龍九龍塘聯合道300號夾層及1樓","http://www.kbck.edu.hk"
"407","九龍迦南中英文幼稚園","九龍九龍塘嘉林邊道28號B地下","http://www.cannan.edu.hk"
"408","九龍城浸信會幼稚園","九龍亞皆老街206號2及3樓","http://www.baptist.org.hk/kindergarten/kcbc/index.htm"
"409","九龍城浸信會慈愛幼稚園","九龍慈雲山慈正邨正德樓LG樓","http://www.tszoikg.com"
"410","九龍方方樂趣幼稚園","九龍九龍塘對衡道20號2及3樓1及2室","http://www.funful.hk"
"411","九龍靈糧堂幼兒園","九龍九龍城嘉林邊道1號4樓及5樓","http://www.kllck.edu.hk"
"412","九龍靈糧堂幼稚園","九龍九龍城嘉林邊道1號3樓","http://www.kllck.edu.hk"
"413","九龍禮賢學校","九龍又一村石竹路2A號","http://www.krs.edu.hk"
"414","九龍婦女福利會幼稚園","九龍馬頭涌道盛德街42號地下","http://www.kwwlnur.edu.hk"
"415","葵涌浸信會幼稚園","新界葵涌大隴街21號地下至2樓","http://www.kcbck.edu.hk"
"416","葵盛禮賢會幼稚園","新界葵涌葵盛東邨盛國樓地下G1室","http://kskg.ppe.rhenish.org"
"417","廣林浸信會呂郭碧鳳幼稚園","新界沙田廣林苑興林閣地下","http://www.kwonglambaptist-kg.edu.hk"
"418","觀塘浸信會彩明幼稚園","新界將軍澳彩明苑彩耀閣地下","http://www.choiming.edu.hk"
"419","官塘浸信會幼稚園","九龍觀塘功樂道83號地下","http://www.ktbckg.edu.hk"
"420","觀塘循道幼稚園","九龍觀塘牛頭角道花園大廈玉蓮台3座2樓","http://www.ktmk.edu.hk"
"421","官塘雅麗斯英文幼稚園","九龍官塘月華街48號A-C室地下","http://www.stagneskg.edu.hk"
"422","禮賢會荔景幼兒園","新界葵涌荔景邨仰景樓5座2樓","http://lkc.ppe.rhenish.org"
"423","藍田靈糧幼稚園","九龍觀塘麗港城麗港街12號A區地下","http://www.lingliang.org.hk"
"425","LEAPFROG KINDERGARTEN","新界西貢北潭涌村11號","http://www.leapfrogkindergarten.org"
"426","學之園幼稚園（凱帆薈）","九龍大角咀海帆道11號凱帆薈5樓2號舖","http://www.learninghabitat.org"
"427","學之園幼稚園（海逸豪園）","九龍紅磡海逸道8號海逸坊低層地下LG01A及高層地下UG45A-C","http://www.learninghabitat.org"
"428","學之園幼稚園","新界青衣牙鷹洲街8號灝景灣第1期商場第1層","http://www.learninghabitat.org"
"429","李榮基紀念中英文幼稚園","新界大埔運頭塘邨逸欣樓地下","http://www.leeandrewkg.edu.hk"
"430","路德會利東幼兒園","香港鴨脷洲利東邨東茂樓113-123號地下","http://leitung-nursery.hklss.hk"
"431","鯉魚門循道衞理幼稚園","九龍觀塘鯉魚門邨鯉興樓地下","http://www.lymmkg.edu.hk"
"432","路德會良景幼兒園","新界屯門良景邨良景邨社區中心5樓","http://leungking-nursery.hklss.hk"
"433","力行幼稚園","新界大嶼山梅窩南便圍3號","http://www.lickhang.edu.hk"
"435","靈恩學校","香港皇后大道西323號安達中心1樓","http://www.lingyan.edu.hk"
"436","嶺南幼稚園幼兒園","香港司徒拔道東山台７號地下","http://www.lingnanp.edu.hk"
"437","嶺南小學暨幼稚園","香港灣仔司徒拔道東山臺７號","http://www.lingnanp.edu.hk"
"438","LITTLE BUDS KINDERGARTEN","九龍渡船街1-4號金霞閣地下、閣樓及1樓E室","http://www.littlebuds.edu.hk"
"439","MUI WO OWLS SCHOOL","新界大嶼山梅窩梅窩碼頭路10號銀礦中心大廈1樓A室及B室","http://www.owlsschool.com"
"440","世界龍岡學校朱瑞蘭（中英文）幼稚園","新界屯門良景邨良傑樓地下1-10號","http://lkwfs.etlw.com.hk"
"441","基督教樂道幼稚園","新界將軍澳健明邨彩明商場1號平台1號幼稚園校舍","http://www.locktao.org/kindergarten/"
"442","樂富禮賢會幼稚園","九龍橫頭磡橫頭磡邨宏偉樓地下1-9室","http://lfkg.ppe.rhenish.org"
"443","禮賢會樂富幼兒園","香港橫頭磡邨宏祖樓地下","http://lfc.ppe.rhenish.org"
"444","樂景幼稚園","新界葵涌荔景邨樂景樓南面地下","http://www.lokking.edu.hk"
"445","樂善堂幼稚園","九龍觀塘順天邨天琴樓LG1(1-6號室)及LG2(2-9號室)","http://www.loksintongkg.edu.hk/lst/"
"446","樂善堂顧李覺鮮幼稚園","九龍黃大仙竹園南邨雅園樓地下","http://www.kids-club.net/edu/lstklks"
"447","樂善堂文吳泳沂幼稚園","九龍秀茂坪邨秀華樓地下","http://www.loksintongkg.edu.hk/lst_manngwingyee/"
"448","樂善堂梁泳釗幼稚園","新界沙田美城苑暉誠閣地下","http://www.loksintongkg.edu.hk/lst_stephenleung/"
"449","樂善堂鄧德濂幼稚園","新界屯門富泰邨服務設施大樓1字樓第2號幼稚園校舍","http://www.lstkgttl.edu.hk"
"450","朗屏邨聖恩幼稚園","新界元朗朗屏邨鳳屏樓第10座地下","http://www.singyan.edu.hk"
"451","香海蓮社兆禧苑幼稚園","新界屯門兆禧苑商業中心地下","--"
"452","路德會愛心幼稚園","新界沙田隆亨邨學心樓地下","http://www.lovingheart.edu.hk"
"453","樂善堂張葉茂清幼稚園","新界屯門兆畦苑兆強閣地下1-5室及11-15室(A及B翼)","http://www.lstcymck.edu.hk"
"454","路德會呂祥光幼稚園","新界屯門友愛邨愛廉樓高座地下","http://www.lutheran-lck.com"
"455","路德會呂君博幼兒園","香港長洲教堂路7號地下及1樓","http://luikwanpok-nursery.hklss.hk"
"456","綠楊幼稚園","新界荃灣綠楊新邨綠楊坊平台2樓","http://www.lukyeungkg.edu.hk"
"457","粵南信義會腓力堂馬頭圍幼兒學園","九龍馬頭圍邨夜合樓115,117及118號地下","http://www.lphccs.edu.hk"
"458","粵南信義會腓力堂興民幼兒學園","香港柴灣興民邨社區中心第3層","http://www.lphccs.edu.hk"
"459","粵南信義會腓力堂啟業幼兒學園","九龍九龍灣啟業邨啟寧樓地下15-18及24-27號","http://www.lphccs.edu.hk"
"460","粵南信義會腓力堂愛鄰幼兒學園","新界沙田顯和里顯徑鄰里社區中心3樓","http://www.lphccs.edu.hk"
"461","法國國際學校","香港上環普仁街１７號東輝花園地下２至４號舖","--"
"462","LYC'EE FRANCAIS INTERNATIONAL (FRENCH INTERNATIONAL SCHOOL)","香港裴樂士道34號","--"
"463","馬鞍山靈糧幼稚園","新界沙田馬鞍山頌安邨頌德樓地下","http://www.lingliang.org.hk"
"464","路德會青衣城幼兒園","新界青衣青敬路33號青衣城地下","http://www.maritimesquare-nursery.hklss.hk"
"465","路德會包美達幼兒園","九龍何文田忠孝街89號包美達社區中心4樓","http://marthaboss-nursery.hklss.hk"
"466","美雅幼稚園","九龍土瓜灣炮仗街148A號地下及炮仗街146-150號1樓","http://www.maynga.edu.hk"
"467","美雅幼稚園（分校）","九龍土瓜灣下鄉道89號地下及91號1樓","http://www.maynga.edu.hk"
"468","美雅幼兒園","九龍土瓜灣炮仗街146及146A號地下樓","http://www.maynga.edu.hk"
"469","美林邨道光幼稚園","新界沙田美林邨美桃樓地下132及134-144室","http://www.tkyw.com"
"470","美東邨安琪幼稚園","九龍黃大仙美東邨103-108號第6座地下","http://www.onkee.edu.hk"
"471","美樂中英文幼稚園（景峰花園分校）","新界屯門景峰花園第1及2座地下","http://www.melody-pvg.edu.hk"
"472","美樂中英文幼稚園","新界屯門屯門市地段21O號25B區美樂花園地下","http://www.melody.edu.hk"
"473","美樂幼兒園（美樂花園校）","新界屯門湖翠路2號美樂花園地下181號舖","http://www.melody.edu.hk"
"474","明慧國際幼稚園（北角分校）","香港北角七姊妹道5-13號昌輝閣地下1號舖及1樓","http://www.mingwai.edu.hk"
"475","明慧國際幼稚園","香港北角七姊妹道10-12號雅利閣地下及1樓,A及B室","http://www.mingwai.edu.hk"
"476","明慧幼稚園","香港北角七姊妹道2-8號2樓","http://www.mingwai.edu.hk"
"478","明雅中英文幼稚園","新界大埔大埔市地段第26號第17區新興花園地下","http://www.mink.edu.hk"
"479","明雅國際幼兒學校","新界大埔新興花園地下","http://www.mink.edu.hk"
"480","基督教聖約教會司務道幼稚園","新界將軍澳寶林邨寶泰樓A翼地下,B翼1號及8號","http://www.mcc.org.hk/san"
"481","旺角雅麗斯英文幼稚園","九龍旺角亞皆老街5號地下至2樓","http://mkagneskg.weebly.com"
"482","MONTESSORI FOR CHILDREN (NURSERY)","香港赤柱大潭村1033錦鳳宛A","http://www.montessori.edu.sg"
"483","蒙特梭利國際學校","香港薄扶林道３７號豐林大廈地下","http://www.montessori-edu.com/"
"484","滿樂幼稚園","新界荃灣海壩街滿樂大廈","http://www.abmsbc.org.hk/"
"486","民生書院幼稚園","九龍九龍城東寶庭道8號A座地下至2樓及F座地下至3樓","http://www.munsang.edu.hk"
"487","穆斯林幼稚園","香港灣仔愛群道40號地下","http://没有 Not Available"
"488","鄰舍輔導會粉嶺幼兒園","新界粉嶺聯和墟和滿街8號帝庭軒商場1樓37號舖","http://www.naac.org.hk/fldn/"
"489","鄰舍輔導會東涌幼兒園","香港大嶼山東涌逸東邨2號停車場1樓","http://www.naac.org.hk/dn"
"490","鄰舍輔導會東欣幼兒園","新界大嶼山東涌健東路1號映灣園第15座1樓","http://www.naac.org.hk/tydn/"
"491","鄰舍輔導會元朗幼兒園","新界元朗牡丹街23號康德閣地下及1樓","http://www.naac.org.hk/yldn"
"492","南英幼稚園","新界坪洲永興街67號","http://www.facebook.com/namying.team"
"493","新一代英文幼稚園（屯門分校）","新界屯門龍門路55-65號新屯門中心L3樓","http://www.newgen.edu.hk"
"494","新翠培元幼稚園","香港柴灣吉勝街新翠商場政府大樓第4層及第5層","http://www.elementiedu.org"
"495","新九龍婦女會樂華幼兒園","九龍牛頭角振華道樂華社區中心6樓","http://www.newklnwa.edu.hk"
"496","新九龍婦女會沙角幼兒園","新界沙田沙角邨美雁樓28-40號地下","http://www.newklnwa.edu.hk"
"497","新九龍婦女會新翠幼兒園","新界沙田新翠邨新偉樓1至8號地下","http://www.newklnwa.edu.hk"
"498","新九龍婦女會慈雲山幼兒園","九龍慈雲山慈正邨正旭樓地下","http://www.newklnwa.edu.hk"
"499","NEW SONG CHRISTIAN KINDERGARTEN","新界西貢早禾坑早禾路１８號早禾居商場","http://www.newsonghk.com"
"500","基督教挪威差會主辦信義中英文幼稚園","九龍又一村瑰麗路36號","http://www.nmslkg.edu.hk"
"501","北角衛理堂幼兒園","香港北角長康街11號新翼1G樓,1樓及2樓","http://www.npmc.edu.hk"
"502","北角衛理堂幼稚園","香港北角英皇道125-133號月明樓一樓及二樓全層","http://www.npmc.edu.hk"
"503","挪威國際學校","新界大埔廣福道大埔平房及錦山路１７０號","http://www.nis.edu.hk"
"504","新界神召會懷恩幼稚園","新界元朗西菁街興旺樓1樓","http://www.waiyankin.edu.hk"
"505","新界婦孺福利會長發邨幼兒學校","新界青衣長發邨長發邨社區中心5樓","http://www.ntwjwacg.edu.hk"
"506","新界婦孺福利會粉嶺幼兒學校","新界粉嶺景盛苑俊景閣B及C翼地下","http://www.ntwjwacg.edu.hk"
"507","新界婦孺福利會博康邨幼兒學校","新界沙田博康邨博安樓地下21-28號","http://www.ntwjwacg.edu.hk"
"508","新界婦孺福利會上水幼兒學校","新界上水龍運街2號北區社區會堂6樓","http://www.ntwjwacg.edu.hk"
"509","新界婦孺福利會元朗幼兒學校","新界元朗體育路4號元朗大會堂4樓","http://www.ntwjwacg.edu.hk/"
"510","竹園區神召會梁省德中英文幼稚園","新界將軍澳尚德邨尚明樓(第九座)4樓平台A,B及C翼","http://lstackg.edu.hk/"
"511","奧伊斯嘉日本語幼稚園","香港北角孔雀路26-48號明園大廈地下","http://www.oisca-youchien.ne"
"512","愛群道浸信會呂郭碧鳳幼稚園","香港灣仔愛群道36號地下及3至5樓","http://www.lkpfkg.edu.hk"
"513","THE ORCHARD KINDERGARTEN","新界大埔康樂園第二十街５號","--"
"514","天主教露德聖母幼稚園","新界南丫島第3約第1709地段","http://www.ololckg.edu.hk"
"515","聖母幼稚園","九龍黃大仙沙田坳道113號","http://www.olk.edu.hk"
"517","栢基國際幼稚園","香港大潭水塘道八十八號陽明山莊十八座地下","http://www.pips.edu.hk/hk"
"518","栢基國際幼稚園（九龍）","九龍柯士甸道西1號九龍站平台","http://www.pips.edu.hk"
"519","栢基海韻幼稚園","新界荃灣深井海韻花園第1座1樓","http://www.pipsrg.edu.hk"
"520","平安福音堂幼稚園（青衣）","新界青衣長宏邨宏正樓及宏毅樓地下","http://www.peck.edu.hk"
"521","平安福音堂幼稚園","新界沙田沙田正街11-17號偉華中心3樓A幼稚園","http://www.peck.edu.hk"
"522","平安福音堂幼稚園（天水圍）","新界天水圍天晴邨天晴服務設施大樓地下1號","http://www.peck.edu.hk"
"523","平安福音堂幼稚園（牛頭角）","九龍觀塘牛頭角上邨第1期常滿樓地下","http://www.peck.edu.hk"
"524","基督教臻美秀華幼稚園","九龍觀塘油塘邨第５期３樓","http://kg.pegasus.org.hk"
"525","竹園區神召會將軍澳康樂幼兒學校","新界將軍澳尚德邨尚信樓4樓平台B及C翼","http://tseungkwanons.pchk.org.hk"
"526","竹園區神召會南昌康樂幼兒學校","九龍深水埗南昌邨南昌社區中心5樓","http://namcheongns.pchk.org.hk"
"527","竹園區神召會太和康樂幼兒學校","新界大埔太和邨太和鄰里社區中心3樓","http://taiwons.pchk.org.hk"
"528","坪石英皇幼稚園","九龍觀塘坪石邨金石樓","http://pingshekkingslandkg.edu.hk"
"529","保良局張潘美意幼稚園","新界東涌大嶼山富東廣場1樓","http://www.cpmykg.edu.hk"
"530","保良局朱李月華幼稚園","香港銅鑼灣禮頓道66號","http://www.poleungkuk.org.hk"
"531","保良局方譚遠良（慈雲山）幼稚園","九龍慈雲山慈民邨民泰樓地下1-2及5-12號","http://kgn.poleungkuk.org.hk/tc/1007/page.html"
"532","保良局方王換娣幼稚園","新界西貢將軍澳厚德邨商場39區地下","http://www.kids-club.net/edu/fwwtkg"
"533","保良局馮梁結紀念幼稚園","新界沙田馬鞍山恆安邨恆月樓地下","http://www.kids-club.net/edu/plkflkkg"
"534","保良局劉陳小寶幼稚園","九龍長沙灣富昌邨富潤樓第16座平台","http://www.kids-club.net/edu/lcspkg"
"535","保良局李徐松聲紀念幼稚園","九龍紅磡佛光街5號家盛樓地下","http://www.ltcsmkg.edu.hk"
"536","保良局莊啟程夫人（華貴）幼稚園","香港薄扶林華貴邨華貴社區中心4樓","http://kgn.poleungkuk.org.hk"
"537","保良局莊啟程夫人幼稚園","新界粉嶺華明邨耀明樓地下","http://www.kids-club.net/edu/plkmrsvc"
"538","保良局戴蘇小韞幼稚園","新界粉嶺嘉盛苑嘉明閣地下","http://www.plktsswk.edu.hk"
"539","保良局譚歐陽少芳紀念幼稚園","九龍紅磡黃埔花園第7期地下1A號","http://www.kids-club.net/edu/taysfmkg"
"540","保良局鄧碧雲紀念幼稚園","新界大埔廣福邨廣義樓118–131號地下","http://www.kids-club.net/edu/tbwmkg"
"541","保良局田家炳兆康幼稚園","新界屯門兆康苑商場3樓","http://www.plktkpshkg.edu.hk"
"542","保良局林丁麗玲幼稚園","九龍紅磡家維邨家安樓地下","http://kgn.poleungkuk.org.hk/tc/971/page.html"
"543","保良局莊啟程幼稚園","香港銅鑼灣禮頓道66號","http://www.kids-club.net/edu/plkkgone"
"544","保良局易澤峰幼稚園","新界將軍澳寶林邨寶仁樓","http://www.plkycfkg.edu.hk"
"545","保良局蝴蝶灣幼稚園","新界屯門蝴蝶灣社區中心6樓","http://kgn.poleungkuk.org.hk"
"546","保良局陳黎惠蓮幼稚園","九龍九龍城馬頭圍道188-194號康年閣地下至2樓","http://www.kgn.poleungkuk.org.hk"
"547","保良局曾星如幼稚園","新界元朗天水圍天瑞邨瑞心樓第2座地下","http://plkcsykg.icampus.hk"
"548","保良局鄭關巧妍幼稚園","九龍藍田德田邨德康樓1樓2號","http://kgn.poleungkuk.org.hk/tc/1052/page.html"
"549","保良局蔡繼有幼稚園","新界將軍澳彩明苑彩富閣B及C座地下","http://kgn.poleungkuk.org.hk"
"550","保良局蔡冠深幼稚園","新界屯門青松觀道33號澤豐花園地下及2樓","http://www.kids-club.net/edu/plkckskg"
"551","保良局方譚遠良幼稚園","新界荃灣青山道九咪半麗城花園第1座高層地下","http://www.poleungkuk.org.hk"
"552","保良局馮伯廉幼稚園","九龍深水埗白田上邨第３座３樓２０１－２０５室","http://www.poleungkuk.org.hk"
"553","保良局金卿幼稚園","九龍黃大仙鳳德邨鳳鑽苑地下","http://www.plkkhkg.edu.hk"
"554","保良局葵芳幼稚園","新界葵涌葵芳邨葵安樓地下15-22號","http://www.poleungkuk.org.hk"
"555","保良局李俊駒伉儷幼稚園","新界葵涌葵盛東邨盛逸樓平台B及C座","http://kgn.poleungkuk.org.hk"
"556","保良局廣福幼稚園","新界大埔廣福邨廣禮樓地下","http://kgn.poleungkuk.org.hk/tc/1079/page.html"
"557","保良局觀塘幼稚園","九龍觀塘翠屏道翠屏邨翠桃樓21至34號平台","http://kgn.poleungkuk.org.hk"
"558","保良局李筱參幼稚園","九龍觀塘順利邨社區中心6字樓","http://kgn.poleungkuk.org.hk/tc/1016/page.html"
"559","保良局志沛幼稚園","新界葵涌梨木樹邨第2座2樓","http://kgn.poleungkuk.org.hk/tc/1115/page.html"
"560","保良局瀝源幼稚園","新界沙田瀝源邨貴和樓2樓223-232室","http://www.poleungkuk.org.hk"
"561","保良局曹金霖夫人幼稚園","新界青衣長安邨安潤樓地下","http://www.plkcklkg.edu.hk"
"562","保良局方王錦全幼稚園","九龍油塘高超道高俊苑地下C座","http://www.kids-club.net/edu/fwkc"
"563","保良局譚華正夫人幼稚園","九龍荔枝角華荔邨賞荔樓7字樓703室","http://plkkg23.edu.hk"
"564","保良局吳多泰幼稚園","新界沙田穗禾苑商場38G","http://www.plknttkg.edu.hk"
"565","保良局黃樹雄幼稚園","九龍坪石邨黃石樓125-132號地下","http://kgn.poleungkuk.org.hk"
"566","保良局呂陳慧貞幼稚園","九龍何文田常盛街常樂邨常樂樓地下","http://kgn.poleungkuk.org.hk/tc/989/page.html"
"567","保良局呂錦泰幼稚園","九龍大角咀鐵樹街43號海康大廈第2座2樓","http://www.poleungkuk.org.hk"
"568","保良局田家炳幼稚園","新界青衣島長康邨青盛苑O座地下第1層","http://www.kids-club.net/edu/tkpkg"
"569","保良局張心瑜幼稚園","新界荃灣大窩口邨富靜樓208-214號","http://www.plkfcsykg.edu.hk"
"570","保良局謝黃沛涓幼稚園","九龍慈雲山慈樂邨樂安樓地下","http://kgn.poleungkuk.org.hk/tc/1043/page.html"
"571","保良局慧妍雅集幼稚園","香港鰂魚涌基利路1號鰂魚涌社區綜合大樓1樓A","http://kgn.poleungkuk.org.hk"
"572","保良局王少清幼稚園","九龍黃大仙彩雲邨社區中心6樓","http://www.poleungkuk.org.hk"
"573","保良局友愛幼稚園","新界屯門友愛邨第6座愛禮樓地下","http://kgn.poleungkuk.org.hk/tc/1097/page.html"
"574","保良局易桂芳幼稚園","新界屯門屯門市地段242號翠林花園第2層","http://plkykfkg.icampus.hk"
"575","保良局元朗幼稚園","新界元朗水車館街44號地下1-8號店","http://kgn.poleungkuk.org.hk/tc/1088/page.html"
"576","博愛醫院陳潘佩清紀念幼稚園","新界元朗朗屏邨賀屏樓9座地下","http://www.pokoi.org.hk/kindergarten"
"577","博愛醫院朱國京夫人紀念幼稚園","新界元朗天水圍天瑞邨瑞滿樓B及C座地下","http://www.pokoi.org.hk/kindergarten/cn/tsw_intro.aspx"
"578","博愛醫院陳徐鳳蘭幼稚園","九龍藍田廣田邨廣田商場204室","http://pohchfl.icampus.hk"
"579","博愛醫院任永賢夫人幼稚園","九龍紅磡海逸豪園23座地下","http://www.pokoi.org.hk/Kindergarten"
"580","博愛醫院施淑鎮幼稚園","九龍觀塘翠屏邨翠楣樓地下","http://www.pokoi.org.hk/kindergarten"
"581","香港培道小學","九龍馬頭涌福祥街3號","http://www.ptps.edu.hk"
"582","幼童樂園協會幼兒園","香港半山區波老道12號3樓東翼","http://www.citykidshk.org"
"583","寶血幼稚園（深水埗）","九龍深水埗元洲街123號","http://www.pbn.edu.hk"
"584","寶血幼稚園","香港跑馬地冬青道9號","http://www.pbk.edu.hk"
"585","天純幼稚園","新界元朗元朗市地段第375號達輝徑華健大厦1樓B、C及D座","http://www.pristine.edu.hk"
"586","駿發花園浸信會幼兒學校","九龍油麻地東莞街14號地下","http://www.pgbn.edu.hk"
"587","香港培正小學","九龍九龍城窩打老道80號","http://www.pcps.edu.hk"
"589","路德會救恩幼稚園","九龍黃大仙睦鄰街13號G-2樓","http://www.rlk.edu.hk"
"590","麗晶幼稚園分校","新界元朗安樂路明珠樓2樓5B-9號","http://www.regentkg.edu.hk"
"591","天后中英文幼稚園（二校）","新界屯門三聖邨滿漁樓地下11-16號","http://www.rck.edu.hk"
"592","天后中英文幼稚園","新界屯門大興邨興盛樓地下及2樓","http://www.rck.edu.hk"
"593","THE REPULSE BAY 幼兒樂園","香港淺水灣海灘道３５號２樓Ａ２－Ｈ舖","--"
"594","禮賢會學校","香港般咸道86號A來恩樓地下至4樓","http://www.rhenish.edu.hk"
"595","樂苗國際幼稚園","新界葵涌葵芳邨葵德樓地下","--"
"596","右思維幼稚園","香港深灣道11號雅濤閣地下","http://www.rmkg.org"
"598","路德會恩石幼稚園","新界葵涌石籬一邨石秀樓地下1號","http://www.roalk.edu.hk/"
"599","玫瑰崗幼稚園","香港灣仔司徒拔道41B號","http://www.rhs.edu.hk"
"600","救世軍卜凱賽琳幼兒學校","九龍油麻地永星里11號救世軍總部2字樓","http://www.salvationarmy.org.hk/esd"
"601","救世軍海富幼兒學校","九龍旺角海富苑海寧閣B及C翼地下","http://www.salvationarmy.org.hk"
"602","救世軍乙明幼兒學校","新界沙田乙明邨乙明邨街15號2樓","http://pses.salvation.org.hk  ；  http://www.salvationarmy.org.hk/esd"
"603","救世軍錦田幼兒學校","新界元朗錦田公路103號地下","http://www.salvationarmy.org.hk/esd"
"604","救世軍荔枝角幼兒學校","九龍荔枝角道150-174號1樓","http://www.salvationarmy.org.hk/esd"
"605","救世軍梨木樹幼兒學校","新界葵涌梨木樹邨楊樹樓B及C翼地下","http://www.salvationarmy.org.hk/esd"
"606","救世軍樂民幼兒學校","九龍土瓜灣樂民新邨H座2樓","http://pses.salvation.org.hk"
"607","救世軍明德幼兒學校","新界將軍澳顯明苑B及C座地下","http://www.salvationarmy.org.hk/esd"
"608","救世軍吳國偉紀念幼稚園","新界荃灣祈德尊新邨","http://www.salvationarmy.org.hk/esd/hk"
"609","救世軍北角幼兒學校","香港北角健康中街6號健康邨平台2層","http://www.salvationarmy.org.hk/esd"
"610","救世軍白田幼兒學校","九龍深水埗白雲街白田邨富田樓C翼地下","http://www.salvationarmy.org.hk/esd"
"611","救世軍三聖幼兒學校","新界屯門三聖邨滿漁樓側地下","http://www.salvationarmy.org.hk/esd"
"612","救世軍大窩口幼兒學校","新界大窩口邨富強樓2樓215,217,219及221-232室","http://www.salvationarmy.org.hk/esd/"
"613","救世軍大元幼兒學校","新界大埔大元邨泰寧樓地下","http://www.salvationamry.org.hk/esd"
"614","救世軍天平幼兒學校","新界上水天平邨天賀樓B座地下106-110室","http://www.salvationarmy.org.hk/esd"
"615","救世軍荃灣幼兒學校","新界荃灣海盛路22號祈德尊新邨1樓","http://www.salvationarmy.org.hk/esd/"
"616","救世軍華富幼兒學校","香港華富邨華生樓123-127及223-229室","http://www.salvationarmy.org.hk/esd"
"617","救世軍禾輋幼兒學校","新界沙田禾輋邨德和樓地下101-114室","http://pses.salvation.org.hk"
"618","嘉諾撒聖心幼稚園","香港中環羅便臣道10號2-5樓","http://www.shck.edu.hk"
"619","SAGARMATHA KINDERGARTEN","新界元朗青山公路162-168號聯昇樓2樓A、B及C室","http://没有 Not Available"
"620","西貢樂育幼稚園","新界西貢普通道19E","http://www.sklokyuk.edu.hk"
"621","SAI KUNG PRE-SCHOOL GROUP","新界西貢輋徑篤村159號","http://www.skip.edu.hk"
"622","聖美雅學校","九龍油麻地新填地街52-58號2樓","--"
"624","救世軍陳昆棟幼稚園","九龍油麻地永星里11號救世軍總部地下及1樓","http://www.salvation.org.hk/kindy/ckt/index.htm"
"625","救世軍田家炳幼稚園","新界沙田乙明邨街15號地下","http://pses.salvation.org.hk"
"626","禮賢會新蒲崗幼兒園","九龍新蒲崗崇齡街33號新蒲崗廣場地下A23-A26 A36-42 A48-52  A53A-A56","http://bk.evi.com.hk/rhenishkg"
"627","深培中英文幼稚園","九龍大角咀柳樹街10號","http://www.semplekg.edu.hk"
"629","深水埗浸信會幼稚園","九龍深水埗廣利道4號1樓","http://www.sspbck.edu.hk"
"630","深水埗德善幼稚園","九龍深水埗通州街200號1樓","http://www.ssptakshin.com"
"631","山景邨浸信會幼稚園","新界屯門山景邨第2期第7座地下A及B翼","http://www.skebk.edu.hk"
"632","路德會沙崙堂幼稚園（慈愛分校）","九龍黃大仙慈雲山慈愛苑停車場頂層","http://www.sharonlutheran.edu.hk"
"633","路德會沙崙堂幼稚園","九龍牛頭角樂華北邨勤華樓4樓405-415號","http://www.sharonlutheran.edu.hk"
"634","筲箕灣循道衞理幼稚園","香港筲箕灣愛東邨愛旭樓地下","http://www.skwmk.edu.hk"
"635","筲箕灣街坊福利會張錦添紀念幼稚園","香港筲箕灣南安街103號地下及1樓","http://www.elementiedu.org"
"636","筲箕灣聖光學校暨中英文幼稚園（分校）","香港筲箕灣東大街１３２－１３６號好景樓２樓","http://www.skk.edu.hk"
"637","筲箕灣崇真幼兒學校","香港筲箕灣巴色道4號筲箕灣崇真堂2樓","http://www.skwttns.edu.hk"
"638","聖公會幼稚園 (畢拉山) -- 已合拼","香港銅鑼灣東院道7號部份地下有蓋遊戲場401-402室4樓活動室","http://www.skhkg.edu.hk"
"639","聖公會幼稚園","香港銅鑼灣東院道7號地下有蓋遊戲場101-103室 201-203室 301-303室及4樓","http://www.skhkg.edu.hk"
"640","上水堂幼稚園","新界上水馬會道23號","http://www.ssckg.edu.hk"
"641","上水培幼幼稚園","新界上水古洞村","http://www.puiyau.edu.hk"
"642","上水禮賢會幼稚園","新界上水彩園邨彩華樓地下101-107及109-111號","http://sskg.rhenish.org/"
"643","上水惠州幼稚園（分校）","新界上水天平邨天祥樓地下","http://www.sswckge.edu.hk"
"644","善一堂安逸幼稚園","九龍觀塘順安邨安逸樓1號地下","http://www.syt.edu.hk"
"645","善一堂逸東幼稚園","新界東涌逸東邨逸東商場2期1樓","http://syt.edu.hk/"
"646","中華基督教會深愛堂幼稚園","九龍石硤尾窩仔街80號地下","http://www.sockg.edu.hk"
"647","順安幼稚園","九龍觀塘順安邨安頌樓地下及1樓","http://www.shunon.edu.hk"
"648","信生中英文幼稚園","九龍慈雲山慈安苑安欣閣地下B及C翼","http://www.ssack.edu.hk"
"649","禮賢會順天幼兒園","九龍觀塘順天邨天韻樓低座地下19-31號","http://stc.ppe.rhenish.org"
"650","新加坡國際學校","香港香港仔南朗山道23號","http://www.singapore.edu.hk"
"651","聖母潔心會福音秀茂坪幼稚園","九龍秀茂坪邨秀裕樓地下B及C翼","http://www.sihm.org.hk/"
"652","聖母潔心會黃大仙幼稚園","九龍黃大仙正德街104號黃大仙社區中心5樓","http://www.sihm.org.hk"
"653","聖雅各福群會寶翠園幼稚園","香港西環卑路乍街8號西寶城商場2樓平台","http://www.sjsbelcher.org"
"654","聖雅各福群會銅鑼灣幼稚園","香港銅鑼灣伊榮街7-17號欣榮商業大廈3及8-10號舖地下及1樓","http://cbccc.sjs.org.hk"
"655","聖雅各福群會麥潔蓮幼稚園","香港灣仔堅尼地道100號3樓至6樓部份","http://kmccc.sjs.org.hk"
"656","聖公會荊冕堂葵涌幼稚園","新界葵涌邨春葵樓地下4號","http://skhcotkg.edu.hk/kc/"
"657","聖公會荊冕堂士德幼稚園","新界荃灣德士古道67-73號地下至1樓部份及3樓至4樓部份","http://skhcotkg.edu.hk/sd/"
"658","香港聖公會基督顯現堂幼稚園","新界青衣青綠街1號偉景花園","http://www.coekg.edu.hk"
"659","聖公會牧愛幼稚園","九龍九龍城江西街2號地下","http://www.gskg.edu.hk"
"660","聖公會主誕堂幼稚園","香港筲箕灣阿公岩道25號地下","http://www.skhhnck.edu.hk"
"661","聖公會靈風堂禾輋幼稚園","新界沙田禾輋邨順和樓118-129地下","http://www.skhhsckg.edu.hk"
"662","聖公會聖三一堂曾肇添幼稚園","九龍九龍城馬頭涌道135號地下至2樓","http://www.tstkg.edu.hk"
"663","聖公會慈光堂聖匠幼稚園","九龍藍田康栢苑停車場大廈7樓1室","http://www.skhklchc.edu.hk"
"664","聖公會慈光堂柯佩璋幼稚園","九龍黃大仙竹園北邨桐園樓地下","http://www.skhklcopc.edu.hk"
"665","聖公會深水埗基愛堂幼稚園","九龍深水埗李鄭屋邨忠孝樓1座","http://www.skhkock.edu.hk"
"666","聖公會聖基道幼兒園（葵涌）","新界葵涌邨葵涌商場3樓平台1號單位","http://www.skhkckg.edu.hk"
"667","聖公會聖基道幼兒園（灣仔）","香港灣仔灣仔道3號3樓","http://www.skhwcn.edu.hk"
"668","聖公會聖約瑟堂幼稚園","新界元朗錦田錦上路吳家村83A","http://www.sjckg.edu.hk"
"669","聖公會青山聖彼得堂兆麟苑幼稚園","新界屯門兆麟苑商場地下","http://www.spckg.edu.hk/siulun/siulun.html"
"670","聖公會青山聖彼得堂幼稚園","新界屯門青雲路22號","http://www.spckg.edu.hk/jing/jing.html"
"671","聖公會青山聖彼得堂山景邨幼稚園","新界屯門山景邨第1期景貴樓地下1至11號","http://www.spckg.edu.hk/shanking/shanking.html"
"672","聖公會救主堂幼稚園","新界大埔廣福邨廣仁樓210-219 號","http://www.saviourkg.edu.hk"
"673","SMALL WORLD CHRISTIAN KINDERGARTEN","香港中環波老道10號地下","http://www.smallworld.edu.hk"
"674","SOUTHSIDE KINDERGARTEN","香港淺水灣淺水灣道109號影灣園G203舖","http://southside.edu.hk"
"675","欣苗幼稚園","香港筲箕灣愛禮街2號愛蝶灣第3座地下","http://www.springview.edu.hk"
"676","天主教聖安德肋幼稚園","新界西貢將軍澳常寧路第37區","http://www.sackg.edu.hk"
"677","聖安娜中英文幼稚園（本地課程）","香港鰂魚涌太古城道8號觀海台東海閣2樓P901號舖及太榮路2號南海閣平台","http://www.stanna.edu.hk/"
"678","聖安娜中英文幼稚園（非本地課程）","香港鰂魚涌太古城道8號觀海台東海閣2樓P901號舖及太榮路2號南海閣平台","http://www.stanna.edu.hk/"
"679","聖安多尼中英文小學暨幼稚園","香港石塘咀山道79-85地下","http://www.stanthonykg.edu.hk"
"680","聖安當幼稚園","九龍觀塘油塘道1號1樓","http://www.stakg.edu.hk"
"681","聖巴拿巴堂幼稚園","九龍觀塘瑞和街71號地下至3樓","http://www.sbckg.edu.hk"
"682","國際英文幼稚園","九龍九龍塘羅福道四及六號","http://www.stcatherines.edu.hk"
"683","國際英文幼稚園","九龍九龍塘雅息士道1號","http://www.stcatherines.edu.hk"
"685","ST. CLARE'S PRIMARY SCHOOL","香港般咸道光景台3-6號","http://scps.edu.hk"
"686","聖道明中英文幼稚園","香港柴灣盛泰路100號杏花邨1座側幼稚園A","http://www.stdominic.edu.hk"
"688","天主教聖雅各伯幼稚園","九龍油塘嘉榮街8號","http://www.sjck.edu.hk"
"689","路德會聖雅各幼稚園","香港柴灣興華(一)邨卓華樓地下","http://www.sjlk.edu.hk"
"690","天主教聖葉理諾幼稚園","新界元朗天水圍天美街6號2樓及3樓","http://www.stjeromesckg.edu.hk"
"691","聖若望英文書院","九龍九龍塘窩打老道１０９號地下至一樓及１４３號","http://www.st-johannes.edu.hk"
"692","聖若望英文書院","九龍九龍塘火石道3號","http://www.st-johannes.edu.hk"
"693","聖若瑟幼稚園","香港灣仔活道４８號７樓",\N
"694","高主教書院幼稚園部","香港北角建華街30號地下3室","http://www.rckg.edu.hk"
"696","萊恩英文幼稚園","新界元朗和生圍加州花園商場地下","http://www.st-lorraine.edu.hk"
"697","萊恩幼稚園（元朗）","新界元朗西菁街15號","http://www.st-lorraine.edu.hk"
"698","萊恩幼稚園（元朗）（非本地課程）","新界元朗西菁街１５號","http://www.st-lorraine.edu.hk"
"699","天主教聖瑪加利大幼稚園","香港跑馬地樂活道2號A聖瑪加利大堂區中心3樓及4樓","http://www.stmkg.edu.hk"
"700","聖馬太堂幼稚園","香港荷李活道232-234號及新街29-31號地下、1樓及4樓","http://232.stmattkg.com"
"701","聖馬提亞堂肖珍幼稚園","新界元朗媽廟路九號地下至二樓","http://www.chiuchunkg.edu.hk"
"702","聖公會聖馬提亞堂幼兒學校","新界元朗水邊圍邨湖水樓15-20號地下","http://www.smcns.edu.hk"
"703","聖文嘉中英文幼稚園﹝興東﹞","香港筲箕灣興東邨興豐樓地下","http://www.stmonicaskg.edu.hk"
"704","聖文嘉中英文幼稚園（華貴邨）","香港奇力灣華貴邨第2期華賢樓地下","http://www.stmonicawk.edu.hk"
"705","聖文嘉中英文幼稚園（荃灣）","新界荃灣青山公路荃灣段 620 號麗城薈二期地下 11 號舖幼稚園","http://www.stmonicakg.edu.hk"
"706","聖文嘉中英文幼稚園","香港鴨脷洲利東邨第2期東昇樓317至324及417至424號","http://www.stmonicalt.edu.hk"
"707","聖文嘉幼稚園","九龍何文田冠熹苑地下","http://www.stmonica.edu.hk"
"708","聖文嘉幼稚園（荃灣）","新界荃灣麗城薈第2期第1座地下12號","http://www.stmonicatw.edu.hk"
"709","金巴倫英文幼稚園","九龍九龍塘金巴倫道57號","http://www.stnicholas.edu.hk"
"710","天主教聖保祿幼兒園","新界大埔墟運頭街28號地下及1樓","http://www.spcn.edu.hk"
"711","聖保羅堂幼稚園","香港己連拿利（鐵崗）聖保羅堂伍庭芳堂及活動室","http://www.stpaulchurchkg.edu.hk"
"712","聖保祿幼兒園","香港銅鑼灣禮頓道140A號地下,3字樓4字樓及6字樓","http://www.spn.edu.hk"
"713","聖保祿幼稚園","香港銅鑼灣禮頓道1018地段地下至2樓","http://www.spk.edu.hk"
"714","天主教聖伯多祿幼稚園","香港石排灣邨碧輝樓地下3號","http://www.sppkg.edu.hk"
"715","北角聖彼得堂幼稚園","香港北角炮台山道23號","http://stpnpkg.edu.hk"
"716","聖公會聖彼得堂幼稚園（赤柱分校）","香港赤柱馬坑邨健馬樓地下1號舖","http://stpstkg.edu.hk/"
"717","路德會聖腓力堂幼稚園","九龍觀塘翠屏邨翠桉樓平台","http://www.splck.edu.hk"
"718","聖羅撒幼稚園","九龍界限街104及104A地下至2樓","http://www.roselima.edu.hk"
"719","聖斯德望天主教幼稚園","新界下葵涌榮芳路14號","http://www.stepckg.edu.hk"
"720","聖士提反堂小學暨幼稚園","香港般咸道71號及薄扶林道62號小學座及教堂座","http://www.ssck.edu.hk"
"721","聖士提反女子中學附屬幼稚園","香港中環柏道33號地下","http://www.ssgc.edu.hk/kg"
"722","聖德蘭幼稚園","香港赤柱東頭灣道1號","http://www.teresakinder.com"
"723","天主教聖多默幼稚園","新界青衣青綠街5號","http://www.stthomas.edu.hk"
"724","聖多馬堂幼稚園","九龍石硤尾下邨24座101-116室","http://www.stckg.edu.hk"
"725","天主教聖雲先幼兒學校","九龍觀塘馬蹄徑5號寶峰大廈2樓","http://www.svpdn.org.hk"
"727","施德福英文幼稚園","九龍九龍塘施他佛道14號","http://www.stafford.edu.hk"
"728","天主教海星幼稚園","香港柴灣道200號4樓及5樓部份範圍","http://www.starkg.edu.hk"
"729","思達學校","香港皇后大道東12-22號東曦大廈1樓B室及2樓C室","http://www.starters.edu.hk"
"730","香港神託會培真幼稚園","新界沙田馬鞍山利安邨利盛樓地下","http://pooichun.stewards.org.hk"
"731","香港神託會培恩幼稚園","新界將軍澳彩明苑彩榮閣地下","http://www.spykg.edu.hk"
"732","順德聯誼總會梁潔華幼稚園","九龍秀茂坪寶琳路寶達邨達峰樓地下","http://www.stfalkwkg.edu.hk"
"733","順德聯誼總會梁李秀娛沙田幼稚園","新界沙田顯徑邨顯德樓A座及B座地下","http://www.stfa-llsystkg.edu.hk"
"734","順德聯誼總會屯門梁李秀娛幼稚園","新界屯門安定邨定康樓地下","http://www.tmllsykg.edu.hk"
"735","宣美幼稚園","九龍美孚新邨第4期百老匯街79號2樓","http://www.smkg.edu.hk"
"736","太陽島英文幼稚園（葵景分校）","新界葵涌光輝圍31號1樓","http://www.sunisland.edu.hk"
"737","太陽島英文幼稚園（卑路乍街分校）","香港卑路乍街56號嘉明大廈地下至3樓","http://www.sunisland.edu.hk"
"738","太陽島教育基金 - 葵涌分校","新界葵涌大隴街１１號葵華大廈地下","http://www.sunisland.edu.hk"
"739","太陽島英文幼稚園（葵興分校）","新界葵涌新葵興花園平台","http://www.sunisland.edu.hk"
"740","太陽島英文幼稚園（西貢分校）","新界西貢翠塘路1號翠塘花園地下11座","http://www.sunisland.edu.hk"
"741","太陽島英文幼稚園（元朗分校）","新界元朗朗日路８號形點II3樓L3號舖","http://www.sunisland.edu.hk"
"742","太陽島英文幼稚園","九龍土瓜灣炮仗街152號地下低層至1樓寶峰大廈","http://www.sunisland.edu.hk"
"743","太陽島教育基金 - 油麻地分校","九龍油麻地新填地街202號東寶閣地下至1樓","http://www.sunisland.edu.hk"
"744","太陽島幼稚園（港灣豪庭分校）","九龍大角咀港灣豪庭廣場地下幼稚園範圍","http://www.sunisland.edu.hk"
"745","太陽島教育基金 - 馬頭圍分校","九龍紅磡馬頭圍道88號海青閣1至2樓","http://www.sunisland.edu.hk"
"746","太陽島幼稚園（東涌分校）","新界東涌海濱路12號藍天海岸地下K01號舖","http://www.sunisland.edu.hk"
"747","崇基幼稚園","新界葵涌葵盛西邨第6座地下","http://www.sungkei.hk"
"748","加州天地幼稚園","新界屯門湖秀街２號悅湖山莊幼稚園２Ａ號地下","http://sunkids.edu.hk/"
"749","Sunshine 國際幼稚園 (THE PEAK)","118 山頂道, 山頂廣場, 山頂","http://www.sunshinehouse.com.hk"
"750","SUNSHINE HOUSE INTERNATIONAL PRE-SCHOOL (CHI FU)","香港薄扶林置富花園富麗苑第1座地下H1舖","http://www.sunshinehouse.com.hk"
"751","Sunshine 國際幼稚園","香港大潭紅山道３號紅山廣場１樓１０２號舖","http://www.sunshinehouse.com.hk"
"752","SUNSHINE HOUSE INTERNATIONAL PRE-SCHOOL (TUNG CHUNG)","新界大嶼山東涌美東街2號東堤灣畔","http://www.sunshinehouse.com.hk"
"753","SUNSHINE HOUSE KINDERGARTEN","新界大嶼山愉景灣愉景廣場1樓137-138室","http://www.sunshinehouse.com.hk"
"754","德貞幼稚園","九龍深水埗九江街154號","http://www.tckg.edu.hk"
"755","太平幼稚園","新界上水太平邨平易樓地下","http://www.taiping.edu.hk"
"756","大埔浸信會幼稚園天澤邨分校","新界元朗天水圍天澤邨澤星樓地下","http://www.tpbkg-tceb.com.hk"
"757","大埔浸信會幼稚園運頭塘邨分校","新界大埔運頭塘邨運亨樓地下","http://www.wtt-baptistkg.edu.hk"
"758","大埔浸信會幼稚園","新界大埔鄉事會坊32-38號","http://www.hkbkec.edu.hk/taipobc/"
"759","天主教大埔幼稚園","新界大埔寶雅苑家和閣地下","http://www.taipokg.edu.hk"
"760","大埔商會幼稚園","新界大埔富亨邨第2座地下","http://www.tpmak.edu.hk"
"761","大埔循道衛理幼稚園","新界大埔富亨邨亨翠樓地下","http://www.tpmk.edu.hk"
"762","大埔禮賢會幼稚園","新界大埔汀角路７號","http://www.rcktp.edu.hk"
"763","大埔禮賢會幼稚園","新界大埔汀角路7號","http://www.rcktp.edu.hk"
"764","大同新邨聖德肋撒幼稚園","九龍大角咀大全街54號大同新邨大榮樓2樓C2室及大全街60號地下東部","http://www.stteresakg.edu.hk"
"765","德信幼稚園","九龍尖沙咀柯士甸道103號","http://www.taksunkg.edu.hk"
"766","天樂幼稚園","新界元朗天水圍天龍路2號嘉湖山莊景湖居幼稚園校舍","http://www.agneskg.edu.hk"
"767","天美幼稚園","新界元朗錦繡花園市中心Ｅ座一樓全層","http://tammy.edu.hk"
"768","天美幼兒園","新界元朗錦繡花園市中心Ｅ座１樓Ａ室","http://tammy.edu.hk"
"769","TANPOPO KINDERGARTEN","香港太古城太裕路1號寶安閣P506-507號舖","http://www.tanpopo.edu.hk"
"770","帝京香港幼稚園","香港跑馬地成和道81號","http://www.teikyo.edu.hk"
"771","德福幼稚園（分校）","九龍九龍灣偉業街33號德福花園2樓平台","http://www.telfordeducation.com"
"772","德福幼稚園（本地課程）","九龍觀塘九龍灣德福花園(北)L2-4","http://www.telfordeducation.com"
"773","德福幼稚園（非本地課程）","九龍觀塘九龍灣德福花園(北)L2-4","http://www.telfordeducation.com"
"774","香港浸信會聯會寶田幼稚園","新界屯門寶田商場2樓202號","http://www.potinkg.com"
"775","香港浸信會聯會耀興幼稚園","香港筲箕灣耀東邨耀興樓地下","http://www.yiuhingkg.edu.hk"
"776","中華基督教會灣仔堂幼稚園","灣仔春園街77號竹居台","http://wck.ccc.edu.hk"
"777","勵志會陳鄭潔雲幼稚園","香港柴灣翠灣邨翠壽樓地下","http://www.cckwkg.edu.hk"
"778","粉嶺神召會幼稚園","新界粉嶺馬會道301號","http://www.aogkg.edu.hk"
"779","港灣學校","香港堅尼地城卑路乍街23號堅城中心2樓","--"
"780","香港中國婦女會幼稚園","香港筲箕灣耀東邨耀福樓地下","http://www.hkcwcccc.org.hk"
"781","香港華人基督會煜明幼稚園","新界將軍澳煜明苑熹明閣地下","http://hkccclk.edu.hk"
"782","基督教海面傳道會仁愛幼稚園","香港鴨脷洲新市街38號地下","http://www.yanoikin.edu.hk"
"783","香港教育學院滙豐幼兒發展中心（ 幼稚園部）","新界大埔露屏路10號香港教育學院高級職員宿舍G02-G05","http://www.ied.edu.hk/eclc"
"784","基督教聖約教會小天使（天盛）幼稚園","新界天水圍天盛商場附翼1樓","http://www.mcc.org.hk/mccts"
"785","THE PEAK PRE-SCHOOL","香港山頂山頂道81號十間1樓","--"
"786","救世軍中原慈善基金幼稚園","新界沙田大圍美田邨美滿樓地下","http://www.salvationarmy.org.hk/esd"
"787","救世軍富強幼稚園","新界荃灣大窩口邨富強樓地下121-140室","http://www.salvationarmy.org.hk/esd/"
"788","救世軍慶恩幼稚園","新界將軍澳厚德邨商場地下","http://www.salvation.org.hk/kindy/hy"
"789","救世軍平田幼稚園","九龍藍田平田邨平誠樓地下","http://www.salvation.org.hk/kindy/pt.htm"
"790","THE WOODLAND HARBOURSIDE PRE-SCHOOL","香港香港仔海傍道3號逸港居地下1及2號舖","--"
"792","THE WOODLAND PRE-SCHOOL (POKFULAM)","香港華富(二)邨商場地下29號舖及7樓28號舖","--"
"793","THE WOODLAND SAI KUNG PRE-SCHOOL","新界西貢匡湖居購物中心地下D1 D2號舖及後院和D號舖","--"
"794","朗思國際幼稚園（馬鞍山）","新界沙田馬鞍山新港城廣場2樓幼稚園校舍","http://www.think.edu.hk"
"795","朗思國際幼稚園（美孚）","新界葵涌景荔徑8號盈暉臺1樓152號舖","http://www.think.edu.hk"
"796","朗思國際幼稚園","九龍藍田茶果嶺道99號麗港城第3期幼稚園校舍地下","http://www.think.edu.hk"
"797","朗思國際學校","九龍界限街117號地下及1樓","http://www.think.edu.hk"
"798","天水圍宣道幼稚園","新界元朗天水圍天恆邨第3座恆富樓B及C翼地下","http://www.ttkg.edu.hk"
"799","循道衛理田灣幼稚園","香港香港仔田灣邨田康樓地下1-10號","http://www.methodist-centre.com/fss/tw.html"
"802","宏福中英文幼稚園（本地課程）","新界青衣青敬路75號宏福花園第4座地下","http://www.kindergarten.edu.hk"
"803","宏福中英文幼稚園（非本地課程）","新界青衣青敬路75號宏福花園第4座地下","http://www.kindergarten.edu.hk"
"804","宏福幼稚園（本地課程）","新界青衣青怡花園青怡廣場1樓21-25號","http://www.kindergarten.edu.hk"
"805","宏福幼稚園（非本地課程）","新界青衣青怡花園青怡廣場1樓21-25號","http://www.kindergarten.edu.hk"
"806","田景邨浸信會呂郭碧鳳幼稚園","新界屯門兆邦苑地下單位1-10號","http://www.tkkg.edu.hk"
"807","德怡中英文幼稚園","新界元朗天水圍天水圍市地段第２號餘段嘉湖山莊賞湖居","http://www.topkids.edu.hk"
"808","德怡國際幼兒學校","新界天水圍嘉湖山莊賞湖居地下及１樓","http://www.topkids.edu.hk"
"809","大埔商會張學明幼稚園（將軍澳）","新界將軍澳廣明苑廣賢閣(C座)地下","http://www.chmk.edu.hk"
"810","國民學校漢師中英文幼稚園","香港長洲長碩路33號碧濤軒商業樓地下","http://kmvn.edu.hk"
"811","香港真光中學","香港大坑道50號","http://www.tlmshkps.edu.hk/kindergarten"
"812","真理浸信會富泰幼稚園","新界屯門屯貴路9號富泰邨服務設施大樓1字樓1號","http://www.truthbaptist.org.hk"
"813","真理浸信會榮光幼兒園","新界沙田圍路9-11號田園閣2樓平台","http://www.truthbaptist.org.hk"
"814","真理浸信會恩典幼稚園","新界沙田沙角街7-11號翠華花園2樓","http://www.truthbaptist.org.hk"
"815","真理浸信會何袁惠琼幼稚園","新界粉嶺雍盛苑商場109號舖","http://www.truthbaptist.org.hk"
"816","真理浸信會幼稚園","新界沙田正街11-17號偉華中心3,4座3樓","http://www.truthbaptist.org.hk"
"817","真理浸信會碧濤幼稚園","新界沙田安景街19-21號碧濤花園平台","http://www.truthbaptist.org.hk"
"818","將軍澳循道衛理幼稚園","新界將軍澳尚德邨尚禮樓(第6座)4樓平台A,B及C翼","http://www.tkomkg.edu.hk"
"819","尖沙嘴方方樂趣國際幼稚園","九龍佐敦彌敦道136A地下及2樓","http://www.funful.hk"
"820","青衣商會幼稚園","新界青衣島青華苑停車場大厦地下","http://www.tytakg.edu.hk"
"821","青衣商會將軍澳幼稚園","新界將軍澳和明苑A座和逸閣地下","http://www.tsingyitko.edu.hk"
"822","青衣商會天水圍幼稚園","新界天水圍天悅邨服務設施大樓3樓3號幼稚園","http://www.tytatswk.edu.hk"
"823","青衣商會石蔭幼稚園","新界葵涌石蔭東村蔭恒樓地下","http://www.sykg.edu.hk"
"824","荃灣浸信會幼稚園","新界荃灣青山道99號地下及2樓","http://www.tsuenwanbckg.edu.hk"
"825","荃浸石籬幼稚園","新界葵涌石籬(二)邨石榮樓地下","http://www.twbcslk.edu.hk"
"826","荃灣聖母幼稚園","新界荃灣德華街37-41號地下","http://www.twolkg.edu.hk"
"827","荃灣聖多明尼幼稚園","新界葵涌石圍角邨石葵樓地下","http://www.stdominichk.com"
"828","荃灣商會朱昌幼稚園","新界葵涌葵興邨興樂樓地下1號室","http://www.cckg93.edu.hk"
"829","荃灣商會邱健峰幼稚園","新界荃灣安蔭邨耀蔭樓地下B及C翼及德蔭樓地下B翼","http://www.ykfk.edu.hk"
"830","荃灣慧中（中英文）幼稚園","新界荃灣德士古道海濱花園15-16座平台","http://www.wisdomac.edu.hk"
"831","翠林邨浸信會幼稚園","新界將軍澳翠林邨雅林樓地下","http://www.tlebk.edu.hk"
"832","崇真會美善幼稚園（馬鞍山）","新界沙田馬鞍山錦泰苑錦泰商場1樓OTKG01室","http://www.mosgraceful.edu.hk"
"833","崇真會美善幼稚園","新界將軍澳寶林邨寶德樓地下","http://www.ttmgkg.edu.hk"
"834","基督教香港崇真會安康幼兒學校","九龍深水埗大埔道70號太子中心2字樓C室","http://www.ttmssd.org/oh"
"835","基督教香港崇真會安基幼兒學校","九龍紅磡黃埔花園第5期青樺苑9座平台","http://www.ttmssd.org/oi"
"836","基督教香港崇真會安強幼兒學校","九龍鑽石山鳳德邨鳳德社區中心5樓","http://www.ttmssd.org/ok"
"837","基督教香港崇真會安仁幼兒學校","新界大埔富善邨","http://www.ttmssd.org/oy"
"838","基督教香港崇真會安怡幼兒學校","九龍油塘高怡邨高盛樓地下","http://www.ttmssd.org/oe"
"839","崇真會白田美善幼稚園","九龍石硤尾白田邨盛田樓地下","http://www.ptgraceful.edu.hk"
"840","崇真小學暨幼稚園（本地課程）","九龍深水埗大埔道58號","http://www.ttpskg.edu.hk"
"841","慈正邨菩提幼稚園","九龍慈雲山慈正邨正明樓地下","http://www.tcebsk.edu.hk"
"842","東涌浸信會幼稚園","新界大嶼山東涌逸東邨2號停車場4樓","http://www.tcbaptkg.edu.hk"
"843","東涌天主教幼稚園","新界大嶼山東涌逸東邨2號停車場2樓","http://www.tungchungckg.edu.hk"
"844","多多寶馬山國際幼稚園","香港北角寶馬山道45號賽西湖商場地庫6-10號舖","http://www.tutortime.com.hk"
"845","多多國際幼稚園（九龍塘）","九龍九龍塘多實街1號1樓","http://www.tutortime.com.hk"
"846","TUTOR TIME INTERNATIONAL KINDERGARTEN","香港大潭紅山道3號紅山廣場1樓101號舖","http://www.tutortime.com.hk"
"847","荃灣商會鍾來幼稚園","新界青衣牙鷹洲街3號青雅苑地下","http://www.twtaclk.edu.hk"
"848","東華三院陳嫺幼兒園","九龍秀茂坪秀茂坪(一)邨秀富樓地下2室","http://www.tungwahcsd.org"
"849","東華三院馬陳景霞幼稚園","新界沙田新翠邨新月樓地下","http://www.twghckhkg.edu.hk"
"850","東華三院捷和鄭氏幼兒園","香港柴灣柴灣道338號柴灣市政大廈3樓","http://www.tungwah.org.hk"
"851","東華三院方麗明幼兒園","新界大埔鄉事會街大埔社區中心6樓","http://www.tungwah.org.hk/"
"852","東華三院方肇彝幼兒園","九龍黃大仙龍翔道天馬苑商場2樓F12室","http://www.tungwahcsd.org"
"853","東華三院方樹泉幼兒園","香港銅鑼灣福蔭道7號銅鑼灣社區中心地下","http://www.tungwah.org.hk"
"854","東華三院方樹福堂幼稚園","香港柴灣小西灣邨1A座瑞喜樓地下","http://www.twghfsftkg.edu.hk"
"855","東華三院方譚遠良幼兒園","新界屯門田景邨田裕樓1-5號地下","http://www.tungwahcsd.org"
"856","東華三院洪王家琪幼稚園","新界大埔大元邨泰德樓3樓309-316室","http://www.twghhwkgkg.edu.hk"
"857","東華三院洪王家琪幼兒園","新界粉嶺祥華邨祥和樓104-108及113-115室","http://www.tungwah.org.hk"
"858","東華三院高德根紀念幼稚園","新界屯門友愛邨愛明樓地下","http://www.twghktkkg.edu.hk"
"859","東華三院群芳幼兒園","九龍黃大仙竹園南邨富園樓120-129號地下","http://www.tungwah.org.hk"
"860","東華三院黎鄧潤球幼稚園","九龍黃大仙天馬苑商場地下","http://www.twghltykkg.edu.hk"
"861","東華三院李黃慶祥紀念幼稚園","新界屯門山景邨第3期景麗樓第9座地下A及B翼","http://www.twghlwhckg.edu.hk"
"862","東華三院香港華都獅子會幼稚園","新界將軍澳健明邨明宙樓地下","http://www.twghlcmkg.edu.hk"
"863","東華三院南九龍獅子會幼兒園","新界沙田馬鞍山頌安邨頌和樓地下","http://www.tungwahcsd.org/tc/our-services/youth-and-family-services/day-nursery-services;category/56"
"864","東華三院香港鑪峯獅子會幼兒園","新界葵盛葵盛西邨10座地下","http://www.tungwahcsd.org"
"865","東華三院廖恩德紀念幼稚園","新界沙田禾輋邨美和樓地下","http://www.twghlytkg.edu.hk"
"866","東華三院羅黃碧珊幼兒園","九龍何文田愛民邨保民樓425-434室地下","http://www.tungwahcsd.org"
"867","東華三院呂馮鳳紀念幼稚園","新界沙田隆亨邨賞心樓地下","http://www.twghlffkg.edu.hk"
"868","東華三院伍尚能紀念幼兒園","香港灣仔軒尼詩道199號東華大廈2字樓","http://www.tungwah.org.hk"
"869","東華三院力勤幼稚園","新界將軍澳浩明苑地下","http://www.twghnkkg.edu.hk"
"870","東華三院蕭旺李滿福幼兒園","香港香港仔漁暉道18號港暉中心高層地下1-2號","http://www.tungwah.org.hk"
"871","東華三院田家炳幼兒園","新界屯門蝴蝶邨蝶翎樓2樓","http://www.tungwah.org.hk"
"872","東華三院田灣幼稚園","香港香港仔田灣邨田健樓地下1-10室","http://twghtwkg.edu.hk"
"873","東華三院徐展堂幼稚園","新界上水天平邨天喜樓地下","http://www.twghtttkg.edu.hk"
"874","東華三院黃朱惠芬幼稚園","新界天水圍天耀邨耀康樓地下","http://www.twghwcwfkg.edu.hk"
"875","東華三院黃士心幼稚園","九龍觀塘翠屏邨翠樂樓A及B翼地下","http://www.twghwsskg.edu.hk"
"876","東華三院王胡麗明幼稚園","新界葵涌石籬(二)邨石富樓地下","http://www.twghwwlmkg.edu.hk"
"877","東華三院九龍崇德社幼兒園","新界天水圍天悅邨服務設施大樓1樓","http://www.tungwah.org.hk"
"878","基督教聯合醫務協會幼兒學校","九龍觀塘協和街130號基督教聯合醫院J座(陳國本大樓)1樓","http://www.hkcschild.edu.hk/ucmsns/"
"879","維多利亞（寶翠園）幼稚園","香港卑路乍街8號西寶城3樓","http://www.victoria.edu.hk"
"880","維多利亞（君匯港）幼稚園","九龍深旺道8號君匯港地下幼稚園","http://www.victoria.edu.hk"
"881","維多利亞（何文田）國際幼兒園","九龍何文田迦密村街9號君逸山1樓","http://www.victoria.edu.hk"
"882","維多利亞（海怡）國際幼稚園","香港鴨脷洲海怡半島第2期平台","http://www.victoria.edu.hk"
"883","維多利亞幼稚園","香港鰂魚涌康山康安街2-8號康怡花園R座地下及地下下層","http://www.victoria.edu.hk"
"884","維多利亞幼兒園","香港北角福蔭道1,3,5號海峰園高峰閣第1座2樓","http://www.victoria.edu.hk"
"885","世佛會觀自在幼兒學校","新界屯門龍門居停車場1樓","http://www.wfb.edu.hk/1/home.php"
"886","世佛會文殊幼兒學校","新界青衣長康邨康安樓地下","http://www.wfb.edu.hk"
"887","世佛會真言宗幼兒學校","新界屯門兆禧苑商埸2號舖地下","http://www.wfb.edu.hk"
"889","惠平幼稚園","新界坪洲志仁里8號C","http://www.waipeng.edu.hk"
"890","滙豐幼兒學校","九龍大角咀深旺道1號3座高層地下","http://www.hkcschild.edu.hk/wfns/"
"892","威寶中英文幼稚園","新界沙田馬鞍山富安花園沙田市地段第258號","http://www.wellborn.edu.hk"
"893","威寶國際幼兒學校","新界沙田馬鞍山富安花園幼兒園大樓地下","http://www.wellborn.edu.hk"
"894","WEMBLEY INTERNATIONAL KINDERGARTEN","香港太古城太古城道31號唐宮閣2樓","http://wembleykindergarten@gmail.com"
"895","西太平洋幼稚園","九龍油麻地砵蘭街101–107號1樓","http://www.wpk.edu.hk"
"896","威廉（睿智）幼稚園（本地課程）","九龍紅磡黃埔花園第9期第4座及第10座地下","http://www.william-inter-kg.edu.hk"
"897","威廉（睿智）幼稚園（非本地課程）","九龍紅磡黃埔花園第9期第4座及第10座地下","http://www.william-inter-kg.edu.hk"
"898","慧中幼稚園","新界荃灣海濱花園D15及16座2樓平台","http://www.wisdomac.edu.hk"
"899","偉思幼稚園","香港中環堅道129-133號地庫1至3層","http://www.wisely.edu.hk"
"900","偉思幼兒園","香港中環堅道129-133號地下及1樓","http://www.wisely.edu.hk"
"901","香港西區婦女福利會幼稚園","香港上環必列啫士街60號地下1樓及3樓","http://www.wwcwdnursery.org.hk"
"902","樂林蒙特梭利學校(半山區)","香港中環堅道119-125號金堅大廈","--"
"903","WOODLAND MONTESSORI PRE-SCHOOL (REPULSE BAY)","香港淺水灣淺水灣道109號影灣園地下G118-G119號舖","--"
"904","樂林蒙特梭利學校(大潭)","香港大潭紅山道3號紅山廣場G1-G3,G5-G10及G15-G18室","--"
"905","WOODLAND PRE-SCHOOL (HAPPY VALLEY)","-","--"
"906","香港東區婦女福利會幼兒園","香港筲箕灣愛東邨愛平樓地下","http://www.ednursery.edu.hk"
"907","香港東區婦女福利會黎桂添幼兒園","香港北角丹拿道53號港運城2樓","http://lktnursery.org.hk"
"908","香港西區婦女福利會鴨脷洲邨幼稚園","香港鴨脷洲鴨脷洲西邨利寧樓1-12號地下","http://www.alcnursery.org.hk"
"909","香港西區婦女福利會何瑞棠紀念幼稚園","香港筲箕灣耀東邨耀明樓地下","http://www.dwmemnursery.org.hk"
"910","仁濟醫院蔡百泰幼稚園","新界荃灣仁濟街18號仁濟醫院綜合服務大樓1樓","http://www.ychcpt.org.hk"
"911","仁濟醫院方江輝幼稚園","香港堅尼地城海旁26號龍翔花園地下A舖","http://www.ychfkf.org.hk"
"912","仁濟醫院裘錦秋幼稚園","新界葵涌安蔭邨澤蔭樓地下","http://www.jcc.edu.hk/"
"913","仁濟醫院郭子樑幼稚園","香港西營盤高街9號地下上層(南)","http://www.ychkclkg.edu.hk"
"914","仁濟醫院明德幼稚園","新界元朗天水圍天恒邨第1座恒健樓B及C翼地下","http://www.ychmtk.edu.hk"
"915","仁濟醫院林李婉冰幼稚園","新界元朗天水圍天河路6號仁濟醫院第24屆董事局社會服務中心地下","http://ychnlkg.edu.hk"
"916","仁濟醫院山景幼稚園","新界屯門山景邨第1期社區會堂側","http://www.ychskkg.edu.hk"
"917","仁濟醫院董伯英幼稚園","新界葵涌石籬一邨石泰樓B及C翼地下","http://www.ychtpy.org.hk"
"918","仁濟醫院永隆幼稚園","新界上水彩園邨彩玉樓地下107-120,122及124室","http://www.ychwl.org.hk"
"919","仁濟醫院友愛幼稚園","新界屯門友愛邨愛暉樓地下","http://www.ychyo.org.hk"
"920","仁濟醫院嚴徐玉珊幼稚園","新界屯門鳴琴路寶田邨寶田商場2樓201室","http://www.ytyskg.edu.hk"
"921","仁愛堂葉德海幼稚園","新界屯門湖景邨湖畔樓低座地下","http://ppe.yot.org.hk"
"922","仁愛堂陳鄭玉而幼稚園","九龍尖沙咀柯士甸道西1號1樓104室","http://ppe.yot.org.hk"
"923","仁愛堂鄧楊詠曼幼稚園","新界將軍澳彩明苑彩貴閣地下","http://ppe.yot.org.hk/kg4"
"924","仁愛堂劉皇發幼稚園","新界屯門啟民徑18號仁愛堂賽馬會社區及體育中心3樓","http://ppe.yot.org.hk"
"925","仁愛堂張慕良夫人幼稚園","新界大埔運頭塘邨鄰里社區中心3樓","http://ppe.yot.org.hk"
"926","仁愛堂顏寶鈴幼稚園","新界屯門友愛邨愛義樓地下","http://ppe.yot.org.hk"
"927","仁愛堂彭鴻樟幼稚園","新界荃灣大窩口邨富泰樓(第15座)地下","http://ppe.yot.org.hk"
"928","仁愛堂龐盧淑燕幼稚園","九龍深水埗海麗邨海麗商場1樓114號","http://ppe.yot.org.hk"
"929","仁愛堂田家炳幼稚園","新界屯門兆康苑兆恒閣及兆順閣平台","http://ppe.yot.org.hk/"
"930","仁愛堂吳黃鳳英幼稚園","香港元朗天水圍天耀邨天耀社區中心5樓","http://ppe.yot.org.hk"
"931","又一村學校","九龍又一村壽菊路2號","http://www.yycskg.edu.hk"
"932","油麻地循道衛理楊震幼兒學校","九龍窩打老道54號3樓","http://www.yymmps.edu.hk"
"933","仁濟醫院九龍崇德社幼稚園","新界青衣長亨邨亨業樓A翼及B翼地下","http://www.ychzc.org.hk"
"934","耀中幼稚園（森麻實道）","九龍九龍塘森麻實道20號","http://www.ycis-hk.com"
"935","耀中國際幼稚園（根德道）","九龍九龍塘根德道29號地下及1樓","http://www.ycis-hk.com"
"936","耀中國際幼稚園（窩打老道）","九龍九龍塘窩打老道151-153號地下","http://www.ycis-hk.com"
"937","耀中國際學校","九龍九龍塘森麻實道3及3號A地下至1樓及22號地下至1樓","http://www.ycis-hk.com"
"938","耀東浸信會幼稚園","香港筲箕灣耀東邨耀富樓B翼及C翼地下","http://www.yiutung-bapkg.edu.hk"
"939","耀榮中英文幼稚園","新界沙田馬鞍山耀安邨耀榮樓地下","http://www.tkyw.com"
"940","中華基督教會元朗堂真光幼稚園二校","新界元朗屏信街9號","http://www.chankwong.edu.hk"
"941","元朗東莞同鄉會王少強夫人幼稚園","新界元朗天瑞邨瑞泉樓(第3座)地下","http://www.mrswskkg.edu.hk"
"942","元朗東莞同鄉會熊定嘉幼稚園","新界天水圍天恩邨天恩商場天台2號幼稚園","http://www.kids-club.net/edu/tkhtkk/"
"943","中華基督教會元朗堂周宋主愛幼兒園","新界元朗屏信街5號","http://www.ylccscons.edu.hk"
"944","中華基督教會元朗堂朗屏邨真光幼稚園","新界元朗朗屏邨喜屏樓地下","http://www.lpeckk.edu.hk"
"945","元朗公立中學校友會劉良驤紀念幼稚園","新界元朗天水圍天耀邨耀澤樓地下A及B翼","http://www.ylallsk.edu.hk"
"946","港青基信幼兒學校(農圃道)","九龍九龍城農圃道11號帝庭豪園地下","http://www.ymcahk.org.hk/farmroad/index.htm"
"948","約克中英文幼稚園","九龍九龍塘約道14號地下","http://www.york.edu.hk"
"949","約克英文小學暨幼稚園（九龍塘）","九龍九龍塘九龍內地段７４４號金巴倫道４９號地下及１樓","http://www.york.edu.hk"
"951","約克英文小學暨幼稚園（九龍塘）","九龍九龍塘九龍內地段744號金巴倫道49號地下及1樓","http://www.york.edu.hk"
"952","香港基督教青年會國際幼稚園","九龍尖沙咀梳士巴利道41號香港基督教青年會2樓","http://www.ymcaikg.edu.hk"
"953","耀榮中英文幼稚園（愉田苑）","新界沙田愉田苑E座及G座愉群閣平台","http://www.tkyw.com"
"954","元岡幼稚園","新界元朗八鄉錦上路元崗村","http://www.yuenkongkg.edu.hk"
"955","中華基督教會元朗堂真光幼稚園","新界元朗屏信街5-7號","http://www.chankwong.edu.hk"
"956","元朗信義會生命幼稚園","新界元朗安信街丈量約分第120號地段第3713及3714號","http://www.lifekg.edu.hk"
"957","元朗商會幼稚園","新界天水圍天耀邨耀興樓A及B翼地下","http://www.ylmakg.edu.hk"
"958","禮賢會元朗幼兒園","新界元朗天水圍天耀邨天耀廣場1樓111號","http://ylc.ppe.rhenish.org"
"959","元朗三育幼稚園","新界元朗青山道265號","http://www.ylsyk.edu.hk"
"960","圓玄幼稚園（平田邨）","九龍藍田平田邨平善樓地下","http://www.yuenyuenkg.edu.hk"
"961","圓玄幼稚園（天逸邨）","新界天水圍天逸邨停車場大樓地下","http://www.yuenyuenkg.edu.hk"
"962","開心果國際幼稚園","新界大埔逸雅苑逸榮閣地下A翼及B翼","http://www.zebedee.edu.hk"
"963","英藝幼稚園","新界大埔翠樂街6號菁泉雅居1樓10及11號舖","http://www.zenith.edu.hk"
"964","英藝幼稚園 (天水圍) -- 已關閉","新界元朗天水圍嘉湖山莊翠湖居地下","http://www.zenith.edu.hk"
"965","英藝幼稚園（元朗）","新界元朗泰豐街2-14號文裕大厦1樓及2樓","http://www.zenith.edu.hk"
"966","路德會錫安堂幼稚園","香港英皇道275號3樓","http://kindergarten.zionluth.org.hk"
"967","約克國際幼稚園","九龍九龍塘金巴倫道51號","http://www.york.edu.hk"
"968","英基國際幼稚園（曉新）","香港司徒拔道43B號","--"
"970","善正幼稚園","新界葵涌荔景邨風景樓地下8號","http://www.sck.edu.hk"
"971","宏福幼稚園（分校）","新界青衣青怡花園青怡廣場1樓平台14I號","http://www.kindergarten.edu.hk"
"973","港島兒童蒙特梭利幼稚園","香港天后廟道16號龍景花園地下低層C舖","http://www.icms.edu.hk"
"981","博士山（香港）國際幼稚園－火炭","新界沙田火炭銀禧閣商場平台327號舖","http://www.boxhill.edu.hk"
"982","博士山（香港）國際幼稚園－將軍澳","新界將軍澳都會駅商業發展中心2樓L2-K01號","http://www.boxhill.edu.hk"
"1052","德望小學暨幼稚園","九龍牛池灣扎山道381號","http://www.ghs.edu.hk/kg"
"985","安基司幼稚園（粉嶺）","新界粉嶺聯捷街2-10號榮輝中心1樓B及2樓","http://www.anchors.edu.hk"
"986","心怡天地幼稚園","新界荃灣荃景圍76-84號荃景花園11-12座地下","http://www.joyfulenglish.edu.hk"
"999","蒙特梭利國際學校","香港上環普仁街17號東輝花園1樓1室及閣樓","http://www.montessori.edu.hk/"
"1000","英藝幼稚園（九龍塘）","九龍九龍塘根德道6號1樓及地下","http://www.zenith.edu.hk/"
"1001","學之園幼稚園（日出康城）","新界將軍澳日出康城第2期A領都1樓","http://www.learninghabitat.org/"
"1002","香港國際蒙特梭利學校","香港大嶼山愉景灣海澄湖畔路92號1樓101號舖及戶外遊戲場","http://www.dms.edu.hk"
"1003","明慧國際幼稚園（太子分校）","九龍運動場道15號京華大廈地下6號舖及1樓1-5室","http://www.mingwai.edu.hk"
"1004","維多利亞（康怡）幼兒園","香港鰂魚涌康怡花園康愉街14號地下","http://www.victoria.edu.hk"
"1005","SUNSHINE HOUSE INTERNATIONAL PRE-SCHOOL (CLEARWATER BAY)","新界西貢清水灣銀岬路2號銀線灣廣埸7樓","http://www.sunshinehouse.com.hk"
"1026","香港基督教青年會耀信國際幼稚園","九龍保安道373號港青西九龍耀信發展學習中心低層","http://www.bc.ymcahk.org.hk/IKG.htm"
"1030","海濱方方樂趣幼稚園","新界荃灣海濱花園E號平台4字樓B","http://www.funful.hk"
"1031","國際英文幼稚園(海濱南岸)","九龍紅磡愛景街8號海濱南岸一樓","http://www.stcatherines.edu.hk"
"1033","香海正覺蓮社佛教慧光嘉福幼稚園","新界粉嶺嘉盛苑嘉揚閣地下KG01號舖","http://www.bwkkfk.edu.hk"
"1034","喜耀小西灣幼稚園","香港柴灣小西灣道9號富欣花園","http://xiyaosswkg.edu.hk"
"1035","綠茵英文（國際）幼稚園（浪澄灣）","九龍海輝道8號浪澄灣高層地下幼稚園單位1號","http://www.greenfield.edu.hk"
"1036","晶晶國際幼稚園","新界屯門青海圍18號置樂花園地下47-54號舖","--"
"1037","小大嶼山蒙特梭利幼稚園","新界大嶼山梅窩銀鑛灣路8號銀景中心地下12及13號舖","--"
"1038","MORNINGSTAR KINDERGARTEN","香港薄扶林置富花園H2座地下","http://www.MorningstarSchools.com"
"1039","Sunshine 國際幼稚園 (DISCOVERY BAY NORTH)","新界大嶼山愉景灣海澄湖畔路９２號１樓１０６號舖","--"
"1040","朗思國際幼稚園（九龍塘）","九龍九龍塘林肯道5號地下至1樓","--"
"1041","耀基創藝幼稚園","新界粉嶺和睦路9號海聯廣場地下72-73,75-77及79號舖","http://www.gciedu.hk"
"1042","香港國際蒙特梭利學校（中環）","香港上環文咸東街35-43B號文華大廈3樓","http://www.dms.edu.hk"
"1045","文娜雅拔幼稚園","九龍九龍塘金巴倫道43號","http://www.manhabit.edu.hk"
"1048","英揚樂兒中英文幼稚園","新界元朗天水圍天麗苑A座地下KG01號舖","http://www.elitekg.edu.hk/"
"1049","綠茵英文（國際）幼稚園（常寧路）","新界將軍澳常寧路10號安寧花園幼稚園大樓1樓及地下A-B號舖","http://www.greenfield.edu.hk"
"1050","浸信會奧基英文幼稚園","九龍深水埗歌和老街55號2樓及3樓","http://www.boek.edu.hk"
"1051","YORK INTERNATIONAL PRE-SCHOOL","九龍九龍塘施他佛道14號地下及1樓",""
"1053","嶺南幼稚園（小西灣）","香港小西灣道23號富怡花園幼稚園大樓1樓","http://www.lingnankn.edu.hk"
"1054","聖保羅堂幼稚園（北角）","香港北角和富道21-53號和富中心家居庭商場高層地面UG2號","http://www.stpaulchurchkg.edu.hk"
"1055","大腳板幼稚園","香港薄扶林置富花園H14座地下",""
"1056","盈思幼稚園","香港卑路乍街16-18號再輝大廈地下高層","http://www.witty.edu.hk"
"1057","籽苗幼稚園","香港第一街8號縉城峰1樓7號舖","http://www.bloomingbuds.com.hk/"
"1058","哈羅香港國際學校","屯門青盈路38號","http://www.harrowschool.hk"
"1059","宏廣國際幼稚園","新界屯門藍地福亨村路8號豫豐花園地下","http://www.wellcomekg.hk"
"1060","心怡天地幼稚園（沙田）","新界沙田火炭樂景街2-18號銀禧薈7樓701號舖","http://www.joyfulenglish.edu.hk/en/index.html"
"1061","道爾頓幼稚園","香港華貴邨華善樓地下KG01號","http://www.littledalton.com"
"1062","思博幼稚園","新界荃灣沙咀道328號寶石大廈商場108號舖","http://swindon.edu.hk"
"1063","港島兒童蒙特梭利幼稚園（鯉景灣）","香港西灣河太康街35號鯉景灣(C區)地下GC19-21號舖","http://www.icms.edu.hk"
"1064","蒙特梭利國際學校","香港天后廟道62號地下低層、地下、1字樓及2字樓","http://www.montessori.edu.hk"
"1065","LA PETITE ENFANCE KINDERGARTEN","新界大嶼山愉景灣海澄湖畔路92號1座寫字樓地下低層5、6及8號舖","http://www.ecole-discovery.com"
"1068","聖馬可堂白普理幼稚園","九龍何文田石鼓街9號地下及2至4樓","http://stmarkschurch.edu.hk"
"1069","比諾創意幼稚園","新界西貢將軍澳富寧花園第1座地下","http://www.bilok-holford.edu.hk"
"1070","多多國際幼稚園（半山）","香港半山堅道5號寶林閣地下B號舖",""
"1072","KOHITSUJI KINDERGARTEN","-","http://kohitsujiyouchien.com"
"1073","苗士國際幼稚園","九龍油塘草園街8號嘉賢居1樓及地下高層G5及G5A舖","http://www.millsinternational.edu.hk"
"1074","博士山（香港）國際幼稚園－華景","新界葵涌華景山路9號華景商場地下21號及1樓1號","http://www.boxhill.edu.hk"
"1075","英藝幼稚園（沙田）","新界沙田車公廟路溱岸8號地下","http://www.zenith.edu.hk/"
"1076","樂基幼兒學校（碧濤）","新界沙田安景街23號碧濤花園第2期平台","http://www.hkpreschool.edu.hk"
"1077","香港青年協會鄭堅固幼稚園","九龍牛頭角彩興路8號彩德邨彩誠樓地下1號舖","http://kkc.hkfyg.org.hk"
"1078","救世軍中原慈善基金油塘幼稚園","九龍油塘油麗邨停車場大廈4樓","http://www.salvation.org.hk/kindy/yt.htm"
"1079","樂䔄幼稚園","香港北角英皇道14號僑興大廈2樓E F及J室","http://www.pods.com.hk"
"1080","基督教中心幼稚園（油塘）","九龍油塘邨第5期3樓","http://www.cyckg.edu.hk"
"1082","KELLETT SCHOOL","九龍九龍灣臨興街7號","http://www.kellettschool.com/"
"1083","THE WOODLAND MONTESSORI PRE-SCHOOL (CAINE ROAD)","香港堅道110-118號安峰大廈1樓至2樓",""
"1084","珈琳幼稚園（屯門分校）","新界屯門青菱徑7號華興大廈地下C舖及1樓A-D室","http://www.karlam.edu.hk"
"6073","啓思小學附屬幼稚園","九龍九龍塘牛津道2A號地下及1樓","http://www.cpskg.edu.hk"
"6090","ST. CATHERINE'S KINDERGARTEN (HARBOUR PLACE)","九龍紅磡愛景街8號海濱南岸1樓","http://www.stcatherines.edu.hk"
"6194","香港聖公會麥理浩夫人中心〈石蔭〉幼稚園","新界葵涌石蔭邨2期商場地下","http://www.skhlmc.org"
"6375","伊頓國際幼稚園（大埔）","香港大潭紅山道3號紅山廣場1樓102號舖","http://www.etonhouse.com.hk"
"6417","保良局梁安琪幼稚園","九龍深水埗石硤尾邨美盛樓 1 樓","http://kgn.poleungkuk.org.hk"
"6607","INTERNATIONAL COLLEGE HONG KONG HONG LOK YUEN (KINDERGARTEN SECTION)","新界大埔康樂園第二十街5號","http://www.ichkhly.edu.hk"
"6831","蔚思幼稚園","九龍海輝道8號浪澄灣廣場高層地下8-10號","http://www.sophiekg.edu.hk"
"6840","永樂創新英文幼稚園","九龍鑽石山龍蟠苑商場第OT/KG01號舖","http://joninnoschool.hk"
"6841","香港靈糧堂荃灣幼稚園","新界荃灣海濱花園平台C(第九至十二座)P層幼稚園","http://www.lingliang.org.hk"
"6851","遵道幼稚園","新界元朗丈量約份第１１５約南邊圍地段２３９號地下","http://www.abiding.edu.hk"
"6852","耀基創藝幼稚園（上水）","新界上水鳳南路9號翠麗花園商場地下23及24號舖","http://www.gciedu.hk"
"6854","英藝幼稚園（屯門）","新界屯門德政圍56-76號桃苑地下05號舖及1樓","http://www.zenith.edu.hk"
"6855","雅麗斯樂思幼稚園","新界元朗青山公路洪水橋段600號尚城地下及1樓幼稚園","http://www.agneskg.edu.hk"
"6861","文娜雅拔幼稚園（九龍城）","九龍侯王道19號地下部份、1樓及2樓","http://www.manhabit.edu.hk"
"6871","基督教安得兒幼稚園（灣景）","新界荃灣青山公路633號灣景花園地庫2層","http://www.christianadrianne.edu.hk"
"6872","伽利利國際幼稚園","九龍何文田太平道2號太平花園地下及1樓","http://www.gis.edu.hk"
"6873","GOLDEN GATE INTERNATIONAL KINDERGARTEN","九龍漆咸道北388號昇御商場1樓102號舖","http://www.ggis.edu.hk"
"6874","雅然中英文幼稚園","香港筲箕灣望隆街2號銀河廣場閣樓全層","http://www.wisekg.com.hk"
"6875","英藝幼稚園（賞湖）","新界元朗天水圍天水圍市地段第2號餘段嘉湖山莊賞湖居地下及1樓","http://www.zenith.edu.hk"
"6876","心怡天地幼稚園（麗城）","新界荃灣青山公路荃灣段620號麗城花園第2期麗城薈1樓101號-118號及部份地下","http://www.joyfulenglish.edu.hk"
"6877","安東尼亞國際幼稚園","新界荃灣青山公路15-23號荃灣花園1低層地下31-33 78-80及84-87號舖","http://www.antonia-kindergarten.com"
"6878","崇真小學暨幼稚園（非本地課程）","九龍深水埗大埔道58號","http://www.ttpskg.edu.hk"
"6880","倫敦家國際幼稚園","新界沙田沙角街8-12號花園城第1期3樓","http://www.excelkg.edu.hk"
"6881","MORI LISA INTERNATIONAL KINDERGARTEN","香港柴灣泰民街１４號康翠臺第７座平台及高層地下部份","http://www.morilisa.hk"
"6884","聖姬莉國際幼稚園","九龍九龍城福佬村道12號博林軒1樓A及B舖 地下A舖","http://www.stbrigit.edu.hk"
"6885","香港靈糧堂秀德幼稚園","九龍荔枝角道873號1號.西九龍西九龍薈1樓6-8號舖","http:www.lingliang.org.hk"
"-1","佛教陳策文伉儷幼稚園","九龍承啟道28號德朗邨幼稚園","http://没有 Not Available"
"6890","善行國際幼稚園","香港大坑勵德邨道２號勵德坊８座地下及低層地下２號舖","http://www.masspreschool.com"
"6891","港青基信幼稚園（啟晴）","九龍九龍城沐虹街１２號啟晴邨賞晴樓地下","http://www.ymcahk.org.hk/ckkc"
"6892","弘立幼稚園","香港上環普仁街１７號東輝花園地下２－３號舖及４號舖地下連閣樓","http://www.isf.edu.hk"
"6893","樂沛兒幼稚園","九龍窩打老道６５－６５Ｄ號年豐樓地下Ｂ２舖、一樓及二樓","http://www.nobelpreschool.org"
"6609","NORWEGIAN INTERNATIONAL  SCHOOL","新界大埔廣福道大埔平房及錦山路170號","http://www.nis.edu.hk"
"6796","英臻幼稚園","新界元朗天水圍嘉湖山莊翠湖居地下","http://www.zenith.edu.hk"
"6895","中華基督教會屯門堂幼稚園二校","新界屯門井財街２９號１樓","http://tmckns.ccc.edu.hk/"
"6896","小牛頓中英文幼稚園","新界屯門井財街１１Ａ號南光樓１樓","http://littlenewton.edu.hk"
"6897","溫莎中英文幼稚園","新界沙田崗背街１－３號花園城第二期第三層平台幼稚園校舍","http://www.windsor.edu.hk"
"6898","樂䔄幼稚園（海峰園）","香港北角福蔭道１號海峰園南峯閣地下Ｇ０１Ｂ號舖及１樓","http://www.pods.com.hk"
"6899","香港靈糧堂秀德幼稚園（二校）","九龍荔枝角道８７３號一號．西九龍西九龍薈一樓２－３，１１－１３，１５－１８號舖","http://www.lingliang.org.hk"
"6900","雅惠國際幼稚園","新界將軍澳澳景路８８號維景灣畔３期低層地下１樓Ｆ號舖","http://www.gracegarden.edu.hk"
"6901","香港中文大學校友會聯會順龍仁澤幼稚園","新界元朗天水圍天靖街３號天盛苑服務設施大樓２樓","http://www.slyck.edu.hk"
"6902","創意方方樂趣幼稚園","九龍土瓜灣崇安街３３號旭日豪庭地下１Ｂ號舖及一樓平台Ｌ１號舖","http://www.funful.hk"
"6903","樂希幼兒學校","九龍界限街６８號曉珀‧御地下及一樓全層","http://www.hartspreschool.com"
"6904","伊頓國際幼稚園（大埔）","新界大埔科進路２３號逸瓏灣１期商場地下部份及低層地下幼稚園校舍","http://www.etonhouse.com.hk/school/pak-shek-kok/"
"6905","信望愛方方樂趣幼稚園","新界荃灣海濱花園Ｅ號平台４樓Ａ","http://www.funful.hk"
"6906","６１１生命樹幼稚園","新界荃灣怡樂街２－１２號海濱花園Ｄ平台","http://611tol.edu.hk/tc/"
"6907","德怡國際幼稚園（元朗）","新界元朗元朗泰祥街１４號盛發大廈地下（部份）及１樓","http://www.deborah-intl.edu.hk"
"6908","啟興璀尼迪國際幼稚園","新界大嶼山梅窩梅窩碼頭路１９號海愉花園地下１號舖","http://www.deikindergarten.org"
"5964","銅鑼灣維多利亞幼稚園","香港銅鑼灣興發街32-36號地下及2樓","http://www.victoria.edu.hk"
"6025","德寶中英文幼稚園（黃埔花園）（本地課程）","九龍紅磡黃埔花園第2期平台1樓","http://www.deborah-intl.edu.hk"
"6065","港青基信幼兒學校（農圃道）","九龍九龍城農圃道11號帝庭豪園地下","http://www.ymcahk.org.hk/farmroad/index.htm"
"6371","東華三院蕭旺李滿褔幼兒園","香港香港仔漁暉道18號港暉中心高層地下1-2號","http://www.tungwah.org.hk"
"6374","嬰幼兒心理發展協會（置富）幼稚園","香港薄扶林置富花園H14座地下",\N
"6438","港青基信國際幼稚園（西九龍）","九龍保安道373號港青西九龍耀信發展學習中心低層","http://www.bc.ymcahk.org.hk/IKG.htm"
"6597","香港教育大學幼兒發展中心（幼稚園部）","新界大埔露屏路10號香港教育學院高級職員宿舍G02-G05","http://www.ied.edu.hk/eclc"
"6835","港青基信國際幼稚園","九龍尖沙咀梳士巴利道41號香港基督教青年會2樓","http://www.ymcaikg.edu.hk"
"6915","遵道幼稚園","新界元朗丈量約份第１１５約地段第１０２號Ａ分段第１小分段地下","http://www.abiding.edu.hk"
"6910","HAMILTON HILL INTERNATIONAL KINDERGARTEN","香港北角清華街１－３號清華大廈地下高層","http://www.hhik.co"
"6911","比高樂國際幼稚園","九龍界限街１６６－１６６Ａ地下一樓及二樓","http://www.pme.edu.hk"
"6913","德萃幼稚園","九龍界限街５１號曉珀地下、一樓及二樓","http://www.kindergarten.sthilary.hk"
"6914","念蘅幼稚園","九龍九龍城沙浦道４６號豪門２樓","http://www.ludus.edu.hk/"
"6916","英國文化協會國際幼稚園","香港金鐘法院道３號１樓部份及２樓部份","http://没有 Not Available"
"6917","香港民生幼稚園（西區）","香港皇后大道西５１３－５１９號尼斯花園地下Ａ舖及一樓","http://www.mansangkg.edu.hk"
"6918","DISCOVERY MONTESSORI ACADEMY","新界大嶼山愉景灣北１座",\N
"6919","綠茵英文（國際）幼稚園（日出康城）","新界將軍澳日出康城３期緻藍天幼稚園座","http://www.greenfield.edu.hk"
"6920","THE WOODLAND BEACHSIDE PRE-SCHOOL","香港淺水灣海灘道３５號２樓Ａ２－Ｈ舖",\N
"6921","綠茵英文（國際）幼稚園（嵐山）","新界大埔鳳園路９號嵐山幼稚園",\N
"6922","太陽島英文幼稚園﹝樂民﹞","九龍靠背壟道１５２號樂民新村Ｆ座一樓","http://www.sunisland.edu.hk"
"6923","麥克萊國際幼稚園","新界粉嶺馬適路綠悠軒商場１樓１－１１號Ａ舖","http://www.mynors.hk"
"6924","學之園幼稚園（迎海）","新界沙田馬鞍山落禾沙烏溪沙路８號迎海３期１樓","http://www.learninghabitat.org"
"6925","保良局李樹福幼稚園","九龍順安邨安頌樓地下２號舖及商業大樓１座地下及１樓２號舖","http://www.poleungkuk.org.hk"
